cod_mpio,nombre_mpio,cobertura_acueducto,cobertura_alcantarillado,pobreza_extrema,desempeno_fiscal,pct_rural,tasa_homicidios,nbi_rural,nbi_urbano,ipm,poblacion_total
11001,Bogotá,99.48,99.16,2.19,83.25,0.42,13.12,11.03,3.34,9.0,7556041.0
13000,Bolívar,78.7,50.92,10.57,73.75,27.2,20.11,41.4,21.69,38.04,2299543.0
13001,Cartagena,93.67,86.83,5.16,75.34,12.12,35.83,20.52,11.49,19.9,974086.0
13006,Achí,69.71,0.8,6.91,60.48,78.66,3.92,62.35,34.33,62.4,33856.0
13030,Altos del Rosario,45.56,3.49,6.91,41.0,67.54,16.83,65.15,48.66,70.7,9129.0
13042,Arenal,76.01,34.47,6.91,63.23,42.55,37.62,50.6,26.49,62.0,9869.0
13052,Arjona,75.45,8.0,6.91,66.2,22.99,17.19,24.75,27.23,47.4,76323.0
13062,Arroyohondo,62.84,14.57,6.91,53.16,42.33,11.19,27.27,51.72,68.4,7555.0
13074,Barranco de Loba,45.92,4.1,6.91,56.39,64.16,19.27,56.37,32.07,68.9,19600.0
13140,Calamar,52.12,1.04,6.91,65.36,41.74,21.11,47.0,35.78,62.5,26980.0
13160,Cantagallo,56.99,43.61,6.91,70.79,44.82,78.49,64.44,17.74,50.6,9037.0
13188,Cicuco,92.42,1.65,6.91,66.79,34.21,13.64,32.99,33.47,61.3,20187.0
13212,Córdoba,78.89,1.65,6.91,61.97,79.99,5.92,21.46,51.04,61.9,21721.0
13222,Clemencia,13.23,0.94,6.91,66.62,17.6,18.93,62.83,88.75,63.0,18365.0
13244,El Carmen de Bolívar,72.57,3.54,6.91,69.33,26.2,44.33,65.01,33.26,58.4,79762.0
13248,El Guamo,72.12,0.37,6.91,48.71,45.36,0.0,23.3,33.67,59.5,10655.0
13268,El Peñón,54.73,2.8,6.91,47.96,66.49,0.0,58.65,27.19,67.7,6529.0
13300,Hatillo de Loba,84.77,21.53,6.91,59.93,74.96,29.97,53.92,40.52,73.8,13452.0
13430,Magangué,83.56,30.28,6.91,74.43,30.16,17.4,33.46,23.17,49.1,168073.0
13433,Mahates,82.35,10.69,6.91,39.33,63.92,9.97,19.5,41.48,54.3,38534.0
13440,Margarita,70.28,0.53,6.91,57.18,84.96,17.56,37.44,29.4,65.6,12643.0
13442,María La Baja,24.68,9.58,6.91,54.44,55.21,30.19,45.26,48.13,63.2,47483.0
13458,Montecristo,31.03,0.61,6.91,59.17,77.36,11.08,69.3,46.52,70.1,14392.0
13468,Mompós,86.05,31.47,6.91,68.73,48.93,18.91,38.27,20.38,49.1,51106.0
13473,Morales,47.34,35.02,6.91,60.49,70.93,16.71,66.29,41.0,57.6,27653.0
13490,Norosí,3.33,1.11,6.91,53.15,78.86,58.78,75.72,37.38,66.2,15769.0
13549,Pinillos,51.72,11.98,6.91,60.93,85.94,3.99,63.76,49.81,67.5,25294.0
13580,Regidor,88.99,6.45,6.91,55.24,40.0,13.64,31.02,23.4,48.9,9042.0
13600,Río Viejo,64.1,37.6,6.91,43.48,53.76,9.08,58.36,30.62,57.3,14119.0
13620,San Cristóbal,94.34,1.57,6.91,57.57,22.39,11.38,13.4,29.08,49.9,12753.0
13647,San Estanislao,89.0,0.95,6.91,66.35,32.12,10.31,25.7,35.25,50.7,25690.0
13650,San Fernando,67.18,12.94,6.91,51.36,84.27,7.49,43.89,22.15,64.3,11057.0
13654,San Jacinto,0.69,0.5,6.91,61.93,13.43,47.67,60.83,98.08,60.3,32052.0
13655,San Jacinto del Cauca,38.4,0.81,6.91,60.55,75.64,9.26,69.82,51.7,66.7,11681.0
13657,San Juan Nepomuceno,53.12,1.22,6.91,67.71,25.01,7.59,25.6,42.59,56.2,50137.0
13667,San Martín de Loba,59.09,35.96,6.91,44.62,54.17,39.28,58.27,31.53,60.6,14112.0
13670,San Pablo,75.14,50.89,6.91,55.81,18.85,91.6,59.56,32.87,54.0,28837.0
13673,Santa Catalina,2.78,1.64,6.91,35.31,63.15,26.1,35.13,94.98,54.8,16731.0
13683,Santa Rosa,32.99,1.06,6.91,67.83,10.49,47.86,47.1,72.67,54.3,23416.0
13688,Santa Rosa del Sur,69.67,66.48,6.91,72.54,39.01,39.49,48.46,13.81,43.6,30439.0
13744,Simití,64.58,1.26,6.91,68.92,67.74,117.16,44.28,17.75,54.8,16742.0
13760,Soplaviento,88.75,1.26,6.91,56.2,1.62,9.0,82.35,27.33,39.4,17154.0
13780,Talaigua Nuevo,86.93,19.14,6.91,65.64,51.47,14.8,27.35,25.11,50.7,18064.0
13810,Tiquisio,37.59,1.23,6.91,58.23,65.35,20.49,68.67,43.92,73.0,16347.0
13836,Turbaco,76.08,23.66,6.91,79.22,9.37,16.33,34.6,15.89,30.4,151938.0
13838,Turbaná,57.96,42.65,6.91,66.75,26.83,5.6,29.87,53.98,42.8,19853.0
13873,Villanueva,53.87,1.37,6.91,52.55,13.27,23.19,43.37,39.07,54.1,38611.0
13894,Zambrano,81.44,1.72,6.91,63.71,12.79,7.92,65.93,39.29,62.4,14940.0
15000,Boyacá,85.52,63.22,10.17,73.21,29.99,6.87,17.81,4.93,25.61,1326466.0
15001,Tunja,98.9,95.87,3.62,77.3,2.95,4.4,12.64,3.18,11.4,225827.0
15022,Almeida,63.86,17.32,6.91,61.8,73.51,0.0,9.23,0.32,37.5,1306.0
15047,Aquitania,73.17,38.0,6.91,67.58,52.17,6.35,15.01,9.85,33.5,13109.0
15051,Arcabuco,84.65,45.11,6.91,66.85,49.65,0.0,12.19,4.75,24.8,7104.0
15087,Belén,90.28,60.08,6.91,67.76,30.69,0.0,11.02,5.0,25.2,7318.0
15090,Berbeo,85.64,25.82,6.91,56.38,63.3,62.38,19.45,3.31,40.5,1485.0
15092,Betéitiva,67.69,33.69,6.91,60.72,74.52,0.0,11.9,5.35,43.3,1209.0
15097,Boavita,49.67,41.47,6.91,60.13,43.55,41.4,27.36,9.25,48.1,4856.0
15104,Boyacá,84.78,17.0,6.91,68.88,76.84,0.0,11.55,8.48,39.7,4815.0
15106,Briceño,43.22,23.01,6.91,63.56,68.31,0.0,18.58,7.3,48.5,2026.0
15109,Buenavista,50.8,17.42,6.91,61.21,73.82,0.0,16.37,5.69,44.9,4026.0
15114,Busbanzá,91.67,48.11,6.91,62.94,44.98,86.13,9.88,11.71,31.3,1712.0
15131,Caldas,67.44,16.28,6.91,63.69,84.56,31.57,15.79,10.64,43.7,1827.0
15135,Campohermoso,43.76,33.93,6.91,78.73,65.06,32.44,24.83,8.76,52.3,2879.0
15162,Cerinza,92.92,43.58,6.91,64.86,46.27,0.0,10.73,5.45,29.4,2790.0
15172,Chinavita,75.9,39.11,6.91,62.82,52.41,0.0,17.4,6.87,41.1,2362.0
15176,Chiquinquirá,96.75,88.89,6.91,75.09,8.68,8.51,12.5,4.36,17.3,60133.0
15180,Chiscas,72.64,33.55,6.91,59.14,69.11,0.0,33.55,12.03,60.1,3661.0
15183,Chita,49.18,23.04,6.91,63.47,65.89,25.32,48.42,22.96,69.1,7423.0
15185,Chitaraque,42.03,22.67,6.91,70.49,71.2,33.65,27.49,5.59,46.4,5340.0
15187,Chivatá,91.92,17.37,6.91,65.22,75.17,0.0,21.96,13.4,42.3,2525.0
15189,Ciénega,87.26,25.27,6.91,61.27,64.16,0.0,11.57,4.81,40.5,3549.0
15204,Cómbita,87.73,15.58,6.91,75.72,82.78,29.72,10.82,7.58,36.1,12040.0
15212,Coper,35.36,24.16,6.91,61.74,66.65,27.63,15.6,8.22,38.8,2621.0
15215,Corrales,93.41,66.06,6.91,57.23,30.29,38.77,20.39,9.73,26.6,2476.0
15218,Covarachía,54.52,18.45,6.91,59.16,73.79,73.5,30.71,8.46,55.6,2541.0
15223,Cubará,43.83,26.49,6.91,71.19,71.97,36.71,72.36,17.35,69.7,16562.0
15224,Cucaita,95.15,46.85,6.91,65.57,50.56,26.06,10.68,11.13,25.9,3550.0
15226,Cuítiva,84.01,19.39,6.91,63.01,77.76,54.85,10.82,2.79,40.7,1614.0
15232,Chíquiza,75.14,8.83,6.91,61.67,86.12,0.0,17.33,16.62,51.3,4186.0
15236,Chivor,68.05,38.0,6.91,60.26,64.5,39.59,20.7,9.58,45.8,2893.0
15238,Duitama,98.67,91.68,6.91,75.36,8.16,9.35,6.91,2.9,10.5,164223.0
15244,El Cocuy,84.1,55.44,6.91,68.01,38.05,24.3,36.84,24.36,49.4,4074.0
15248,El Espino,90.91,48.52,6.91,63.22,46.07,32.74,17.46,7.9,31.3,2924.0
15272,Firavitoba,91.64,47.13,6.91,68.87,53.84,14.5,9.12,2.45,21.7,7196.0
15276,Floresta,86.25,44.04,6.91,61.92,53.96,30.54,18.08,11.42,43.9,3069.0
15293,Gachantivá,63.62,22.04,6.91,61.89,71.35,0.0,11.79,5.41,51.2,2192.0
15296,Gámeza,89.27,30.4,6.91,63.28,64.22,20.61,17.5,7.57,43.7,3499.0
15299,Garagoa,84.28,76.23,6.91,73.86,23.12,0.0,16.26,4.72,20.3,21567.0
15317,Guacamayas,80.78,33.6,6.91,63.85,57.5,0.0,9.4,14.48,30.4,1414.0
15322,Guateque,90.1,78.36,6.91,69.04,22.38,18.21,9.42,6.14,19.4,12163.0
15325,Guayatá,80.85,44.78,6.91,63.28,57.52,29.49,12.43,4.48,36.1,3171.0
15332,Güicán,62.55,35.01,6.91,62.89,59.88,23.09,40.92,3.6,48.1,3976.0
15362,Iza,91.11,61.9,6.91,64.88,31.22,0.0,11.08,5.78,24.8,1691.0
15367,Jenesano,80.87,26.64,6.91,78.93,67.23,27.26,14.27,5.11,38.8,6644.0
15368,Jericó,55.73,28.08,6.91,62.27,58.98,50.75,43.97,14.07,64.7,3662.0
15377,Labranzagrande,56.8,32.76,6.91,65.85,62.33,0.0,50.12,11.17,57.4,3746.0
15380,La Capilla,79.03,38.13,6.91,63.65,52.64,0.0,9.75,3.26,31.6,1934.0
15401,La Victoria,68.24,42.78,6.91,57.58,53.0,0.0,25.48,0.3,38.4,1051.0
15403,La Uvita,79.7,42.23,6.91,62.07,46.4,36.14,16.52,7.01,41.9,2086.0
15407,Villa de Leyva,95.36,60.38,6.91,81.07,41.82,5.81,9.54,6.98,15.2,27579.0
15425,Macanal,76.48,31.44,6.91,69.53,68.05,0.0,10.73,0.81,28.9,5267.0
15442,Maripí,18.47,16.42,6.91,66.79,78.59,0.0,34.71,13.69,67.0,5184.0
15455,Miraflores,86.42,60.9,6.91,82.11,31.22,0.0,11.51,5.11,21.1,8689.0
15464,Mongua,83.89,46.93,6.91,63.03,47.98,0.0,28.08,12.2,50.7,3620.0
15466,Monguí,92.48,73.51,6.91,63.34,38.42,0.0,16.84,8.17,28.8,4123.0
15469,Moniquirá,79.2,52.97,6.91,75.91,39.4,0.0,15.39,4.71,27.1,24071.0
15476,Motavita,62.53,15.1,6.91,68.94,77.91,17.3,16.67,4.06,49.8,3640.0
15480,Muzo,58.06,50.73,6.91,66.44,27.41,11.76,31.06,18.13,40.7,6402.0
15491,Nobsa,98.75,91.5,6.91,88.53,58.98,6.08,4.11,3.85,10.5,16994.0
15494,Nuevo Colón,80.37,18.75,6.91,70.59,71.56,0.0,16.26,9.87,46.2,4676.0
15500,Oicatá,94.04,14.74,6.91,64.5,77.2,0.0,6.93,0.25,22.8,2653.0
15507,Otanche,44.76,42.12,6.91,85.29,46.2,12.33,43.1,10.24,44.7,7658.0
15511,Pachavita,79.45,19.52,6.91,68.35,70.71,0.0,9.17,5.47,37.5,1516.0
15514,Páez,50.47,46.62,6.91,82.33,48.11,0.0,18.4,6.42,36.5,3097.0
15516,Paipa,94.7,67.3,6.91,78.69,31.04,2.84,8.45,2.94,16.2,48196.0
15518,Pajarito,74.05,53.57,6.91,60.35,55.92,0.0,12.77,9.54,27.8,1436.0
15522,Panqueba,71.53,53.97,6.91,61.71,41.85,0.0,22.72,6.27,42.7,1479.0
15531,Pauna,41.61,24.97,6.91,66.52,61.37,13.68,32.89,9.86,47.4,6669.0
15533,Paya,36.19,21.27,6.91,61.16,71.29,0.0,70.52,18.74,68.2,2762.0
15537,Paz de Río,91.66,63.34,6.91,66.84,27.42,0.0,11.62,4.4,21.6,4242.0
15542,Pesca,85.35,34.98,6.91,66.99,57.81,14.75,15.76,7.31,39.3,6421.0
15550,Pisba,43.57,32.13,6.91,58.2,56.0,0.0,41.67,18.82,57.9,2232.0
15572,Puerto Boyacá,88.43,81.45,6.91,79.48,22.09,51.09,21.18,11.36,33.6,46639.0
15580,Quípama,31.44,30.17,6.91,61.67,63.73,59.8,46.78,25.82,64.6,4525.0
15599,Ramiriquí,80.1,46.04,6.91,75.31,49.31,9.79,17.75,5.18,31.4,9388.0
15600,Ráquira,69.83,32.37,6.91,65.79,59.11,12.29,17.4,6.55,31.3,7349.0
15621,Rondón,48.41,36.22,6.91,57.58,65.16,0.0,9.96,2.09,46.9,2216.0
15632,Saboyá,64.37,8.95,6.91,69.04,86.09,0.0,16.62,7.95,41.8,13743.0
15638,Sáchica,91.45,52.38,6.91,77.58,43.09,0.0,12.48,5.55,23.8,6980.0
15646,Samacá,88.17,43.91,6.91,81.15,49.04,26.21,10.77,6.68,21.5,19380.0
15660,San Eduardo,74.87,43.03,6.91,64.98,45.48,59.45,18.01,3.11,35.9,1350.0
15664,San José de Pare,45.42,17.28,6.91,69.01,70.73,0.0,18.86,12.58,50.8,3676.0
15667,San Luis de Gaceno,57.44,45.49,6.91,66.61,46.82,18.03,21.69,7.01,31.4,4148.0
15673,San Mateo,71.82,32.72,6.91,55.41,53.96,0.0,27.38,7.65,45.8,3130.0
15676,San Miguel de Sema,56.83,14.6,6.91,70.24,78.1,0.0,8.54,12.25,35.6,2721.0
15681,San Pablo de Borbur,30.48,22.29,6.91,67.09,81.34,14.69,24.19,11.01,53.7,5942.0
15686,Santana,73.01,34.72,6.91,66.19,57.05,12.8,18.12,8.57,40.5,7104.0
15690,Santa María,64.71,58.84,6.91,76.6,32.97,0.0,19.52,5.48,29.0,3479.0
15693,Santa Rosa de Viterbo,92.94,67.51,6.91,82.42,31.49,0.0,11.73,3.17,19.0,12989.0
15696,Santa Sofía,83.28,24.92,6.91,84.3,58.51,0.0,9.48,10.98,31.4,3201.0
15720,Sativanorte,75.64,33.25,6.91,58.29,59.54,0.0,26.71,7.89,51.6,1441.0
15723,Sativasur,85.46,27.0,6.91,61.04,64.45,0.0,8.51,4.79,29.7,723.0
15740,Siachoque,82.97,20.19,6.91,65.53,75.71,0.0,19.52,20.7,45.1,6096.0
15753,Soatá,91.48,71.33,6.91,66.7,21.48,11.24,14.48,4.96,17.3,8970.0
15755,Socotá,50.9,19.14,6.91,61.96,71.38,13.68,31.22,9.9,52.9,6664.0
15757,Socha,91.78,54.42,6.91,69.39,37.83,24.41,11.27,7.15,20.8,8679.0
15759,Sogamoso,97.89,91.02,6.91,76.66,8.37,7.52,7.77,3.08,10.4,157022.0
15761,Somondoco,62.2,21.83,6.91,64.77,68.36,0.0,11.26,2.35,41.0,2671.0
15762,Sora,80.96,19.28,6.91,57.63,75.86,0.0,14.61,8.97,55.3,2920.0
15763,Sotaquirá,90.76,17.99,6.91,75.65,81.88,11.88,19.19,7.1,35.4,6401.0
15764,Soracá,82.12,26.63,6.91,68.34,64.99,16.26,12.31,8.2,38.5,5715.0
15774,Susacón,71.1,21.97,6.91,56.79,68.89,36.5,16.5,7.77,37.1,2494.0
15776,Sutamarchán,55.22,33.92,6.91,72.35,52.08,0.0,14.0,5.81,31.1,5945.0
15778,Sutatenza,41.79,19.0,6.91,67.33,74.59,0.0,12.9,6.83,47.4,3463.0
15790,Tasco,94.31,35.53,6.91,63.41,63.07,0.0,12.49,6.34,31.4,5454.0
15798,Tenza,45.25,31.91,6.91,62.61,61.47,0.0,11.89,3.82,41.1,2619.0
15804,Tibaná,78.24,21.26,6.91,69.07,72.5,10.82,16.18,7.11,47.0,7543.0
15806,Tibasosa,95.32,54.88,6.91,84.24,58.09,7.46,9.35,2.82,14.3,13146.0
15808,Tinjacá,53.66,23.76,6.91,59.11,67.84,29.44,14.19,3.85,35.2,3803.0
15810,Tipacoque,31.83,26.63,6.91,59.69,62.71,0.0,26.54,13.55,41.6,2435.0
15814,Toca,90.26,48.09,6.91,69.84,42.13,11.1,12.42,7.37,30.2,8428.0
15816,Togüí,68.16,16.1,6.91,62.45,78.27,0.0,28.14,7.25,50.0,3920.0
15820,Tópaga,72.94,47.59,6.91,65.12,61.54,26.85,11.66,12.98,28.7,3367.0
15822,Tota,83.97,18.61,6.91,66.71,75.16,0.0,18.59,7.54,47.9,4123.0
15832,Tununguá,73.33,15.15,6.91,74.07,75.36,63.01,21.88,10.76,42.1,1315.0
15835,Turmequé,91.1,34.59,6.91,65.14,57.15,16.13,14.19,6.98,45.1,4002.0
15837,Tuta,91.17,29.39,6.91,79.82,61.79,0.0,14.62,4.39,32.8,6843.0
15839,Tutazá,73.55,17.24,6.91,67.86,84.76,49.04,15.94,16.57,36.4,1568.0
15842,Umbita,79.22,13.88,6.91,71.37,78.54,13.07,10.11,10.38,49.4,6794.0
15861,Ventaquemada,93.45,26.87,6.91,75.42,76.85,12.26,6.41,5.76,25.7,17322.0
15879,Viracachá,86.05,16.63,6.91,61.44,77.68,0.0,14.38,6.05,45.1,2567.0
15897,Zetaquira,62.13,22.7,6.91,79.42,65.45,0.0,23.74,6.9,50.7,4275.0
17000,Caldas,88.75,81.24,7.04,77.22,17.22,17.33,15.0,6.92,22.72,972814.0
17001,Manizales,96.29,93.98,2.38,76.35,3.76,7.71,12.83,5.74,13.9,507551.0
17013,Aguadas,78.77,58.76,6.91,69.61,40.47,12.79,13.45,8.36,30.0,17753.0
17042,Anserma,72.69,65.35,6.91,69.92,34.82,10.71,13.37,8.64,32.5,33633.0
17050,Aranzazu,88.0,71.33,6.91,67.47,26.43,27.93,16.26,6.16,32.1,9770.0
17088,Belalcázar,70.56,54.44,6.91,68.51,46.56,18.46,24.16,8.92,41.2,8935.0
17174,Chinchiná,96.2,93.69,6.91,72.31,8.71,24.44,14.74,7.05,21.8,43208.0
17272,Filadelfia,78.55,64.73,6.91,67.09,56.2,8.62,13.63,5.28,36.2,8066.0
17380,La Dorada,94.24,87.78,6.91,62.9,9.58,26.55,23.51,11.24,26.8,63960.0
17388,La Merced,75.46,54.96,6.91,69.05,53.35,16.71,15.23,6.6,34.5,4165.0
17433,Manzanares,66.0,54.5,6.91,66.83,33.04,27.62,16.13,17.95,37.5,16456.0
17442,Marmato,71.89,54.79,6.91,68.55,80.14,64.31,14.79,13.14,37.6,8117.0
17444,Marquetalia,64.79,48.13,6.91,62.41,41.76,7.28,15.3,9.68,40.7,12007.0
17446,Marulanda,70.19,60.84,6.91,63.97,58.75,38.97,10.04,3.4,34.6,2320.0
17486,Neira,86.58,73.83,6.91,72.02,34.78,13.96,18.04,6.53,31.3,19243.0
17495,Norcasia,78.93,67.42,6.91,67.86,24.92,32.08,33.02,10.35,41.4,5573.0
17513,Pácora,83.39,58.45,6.91,69.07,41.76,12.83,15.42,11.01,33.3,13593.0
17524,Palestina,87.37,76.52,6.91,73.08,57.65,50.14,9.6,8.59,30.1,13819.0
17541,Pensilvania,64.66,54.66,6.91,66.2,50.24,44.77,13.71,5.81,37.3,17877.0
17614,Riosucio,80.27,69.32,6.91,74.16,54.53,9.46,14.29,5.77,29.3,45301.0
17616,Risaralda,59.7,49.08,6.91,69.07,49.2,37.2,14.74,6.38,39.4,9568.0
17653,Salamina,82.24,69.04,6.91,68.17,32.79,10.14,11.38,9.65,28.7,15931.0
17662,Samaná,60.51,43.05,6.91,67.36,59.64,4.92,16.23,7.2,39.9,18129.0
17665,San José,60.67,32.24,6.91,69.8,63.59,20.17,17.23,3.74,39.9,4254.0
17777,Supía,84.37,55.29,6.91,70.59,43.15,13.39,15.35,6.66,31.3,32444.0
17867,Victoria,84.68,59.23,6.91,70.2,47.7,28.48,16.6,10.36,34.9,10635.0
17873,Villamaría,93.61,87.55,6.91,78.61,8.45,4.37,13.07,5.93,17.0,78341.0
17877,Viterbo,93.11,87.46,6.91,69.98,11.55,30.59,16.87,7.32,26.0,10884.0
18000,Caquetá,72.71,65.71,8.43,70.9,37.53,34.71,39.01,16.6,43.79,452026.0
18001,Florencia,90.7,82.59,7.02,69.22,14.4,18.11,26.39,13.24,29.6,207925.0
18029,Albania,57.35,49.89,6.91,59.93,55.53,89.11,26.37,11.88,38.8,4835.0
18094,Belén de Los Andaquíes,69.96,62.64,6.91,67.45,42.44,17.52,39.02,22.56,50.0,11139.0
18150,Cartagena del Chairá,57.47,47.92,6.91,73.1,51.96,50.29,47.72,30.11,63.3,34065.0
18205,Curillo,68.22,57.37,6.91,58.85,34.69,75.59,30.59,19.3,55.4,7545.0
18247,El Doncello,72.39,74.96,6.91,67.6,35.05,10.16,29.14,16.79,44.3,19156.0
18256,El Paujil,54.84,51.64,6.91,64.97,55.23,58.33,30.71,18.5,45.5,19048.0
18410,La Montañita,40.56,37.41,6.91,66.86,83.33,99.98,36.5,16.49,56.2,16156.0
18460,Milán,18.09,29.97,6.91,71.75,89.79,9.84,51.86,15.82,64.6,10839.0
18479,Morelia,58.05,56.56,6.91,63.39,50.03,26.41,28.96,12.92,42.4,3674.0
18592,Puerto Rico,65.62,60.64,6.91,68.8,48.6,55.89,47.44,21.85,54.3,27061.0
18610,San José del Fragua,74.8,61.59,6.91,67.09,52.99,67.27,36.01,18.45,48.7,13175.0
18753,San Vicente del Caguán,56.38,42.36,6.91,72.25,56.87,57.71,40.92,20.81,56.3,52636.0
18756,Solano,40.04,41.55,6.91,61.72,77.61,42.56,51.62,27.02,71.9,11058.0
18785,Solita,58.15,53.59,6.91,58.7,44.92,61.73,34.87,22.16,58.1,6282.0
18860,Valparaíso,42.75,46.44,6.91,64.67,70.66,13.89,36.68,12.74,50.0,7373.0
19000,Cauca,65.05,44.4,17.79,70.57,65.37,56.05,22.12,12.38,37.83,1753565.0
19001,Popayán,96.12,84.9,8.15,77.69,19.89,23.28,19.68,6.7,18.4,385036.0
19022,Almaguer,12.84,8.56,6.91,58.28,95.25,32.49,33.89,20.83,62.9,17250.0
19050,Argelia,50.17,32.53,6.91,70.7,91.74,144.37,24.11,17.53,50.1,29772.0
19075,Balboa,46.56,28.98,6.91,69.85,76.78,87.24,17.27,27.6,47.1,24241.0
19100,Bolívar,23.89,18.5,6.91,65.63,89.85,71.84,28.3,19.43,51.1,35623.0
19110,Buenos Aires,51.98,16.54,6.91,60.81,97.97,141.24,15.08,11.43,42.5,33741.0
19130,Cajibío,34.61,8.04,6.91,69.48,96.59,29.87,23.87,7.25,56.9,54801.0
19137,Caldono,79.43,9.55,6.91,58.23,96.65,75.39,22.59,16.35,56.0,51834.0
19142,Caloto,54.0,27.51,6.91,68.23,84.88,94.47,26.3,7.9,37.4,30357.0
19212,Corinto,57.59,56.43,6.91,67.85,53.89,116.07,27.68,12.15,33.7,27791.0
19256,El Tambo,62.07,8.12,6.91,63.02,96.19,97.02,23.64,14.54,46.0,63714.0
19290,Florencia,88.41,22.63,6.91,59.87,79.44,92.78,10.67,13.11,36.3,4894.0
19300,Guachené,88.39,32.17,6.91,76.23,70.03,98.33,5.4,3.65,20.2,19874.0
19318,Guapi,19.15,10.33,6.91,67.78,51.73,71.08,53.31,83.56,68.9,32141.0
19355,Inzá,24.64,21.8,6.91,63.14,97.39,13.37,18.38,10.06,59.0,26467.0
19364,Jambaló,68.72,20.99,6.91,60.07,91.78,15.9,14.85,9.21,46.5,20839.0
19392,La Sierra,40.12,12.93,6.91,60.61,85.83,36.95,19.59,34.69,53.6,12288.0
19397,La Vega,39.65,18.85,6.91,60.84,97.58,7.99,15.13,23.94,56.7,22888.0
19418,López,11.62,10.9,6.91,69.66,91.89,15.59,40.19,62.41,81.2,21174.0
19450,Mercaderes,66.75,28.73,6.91,58.69,76.69,85.23,22.86,29.35,46.6,34678.0
19455,Miranda,84.82,76.48,6.91,72.45,45.5,110.42,12.97,6.8,21.6,31849.0
19473,Morales,53.11,8.45,6.91,65.42,95.76,46.65,26.36,14.68,48.7,51344.0
19513,Padilla,93.81,64.93,6.91,64.46,58.22,98.5,7.6,8.9,22.0,10564.0
19517,Paéz,14.05,27.44,6.91,66.41,96.04,12.63,21.43,10.28,56.3,63050.0
19532,Patía,51.61,42.51,6.91,69.67,65.91,105.0,23.39,15.21,44.1,41656.0
19533,Piamonte,70.99,30.43,6.91,61.97,78.89,127.54,24.36,11.51,44.0,11466.0
19548,Piendamó,93.32,40.0,6.91,68.11,68.66,18.82,13.97,11.39,30.7,42317.0
19573,Puerto Tejada,96.97,94.05,6.91,73.84,16.14,129.53,7.12,7.97,16.6,42540.0
19585,Puracé,24.04,22.45,6.91,65.1,92.44,5.6,20.18,14.94,39.5,18219.0
19622,Rosas,46.37,14.4,6.91,59.96,92.47,59.71,18.38,14.55,43.2,13059.0
19693,San Sebastián,59.39,22.81,6.91,58.96,95.95,17.94,13.46,21.09,46.4,10123.0
19698,Santander de Quilichao,82.66,54.4,6.91,70.28,55.8,128.01,16.44,7.51,23.8,161415.0
19701,Santa Rosa,20.09,19.24,6.91,59.01,89.71,0.0,35.95,31.97,66.1,4994.0
19743,Silvia,34.61,19.35,6.91,60.07,91.1,10.34,14.31,6.23,43.8,42713.0
19760,Sotará,47.44,11.84,6.91,58.41,97.78,13.85,17.66,18.13,32.3,15832.0
19780,Suárez,40.04,27.32,6.91,64.2,84.11,84.71,30.58,22.63,44.1,43726.0
19785,Sucre,23.1,19.66,6.91,63.89,84.98,30.53,29.48,58.99,75.5,9736.0
19807,Timbío,93.07,39.53,6.91,63.78,61.69,35.25,19.66,12.36,35.7,45128.0
19809,Timbiquí,18.25,15.55,6.91,62.0,78.53,33.29,58.85,77.17,72.4,36457.0
19821,Toribío,67.54,20.15,6.91,72.03,95.29,40.23,22.47,10.2,45.1,48061.0
19824,Totoró,12.35,11.01,6.91,54.42,96.63,15.49,22.92,32.27,55.1,29411.0
19845,Villa Rica,49.76,71.58,6.91,80.47,34.15,119.96,6.56,12.78,22.7,25638.0
20000,Cesar,84.55,73.88,12.51,70.88,23.79,21.85,36.42,18.53,38.45,1899579.0
20001,Valledupar,88.84,81.7,8.21,75.44,12.49,26.08,45.35,13.83,30.5,813654.0
20011,Aguachica,91.13,80.08,6.91,72.41,13.39,39.06,38.51,15.8,37.0,170469.0
20013,Agustín Codazzi,79.42,71.85,6.91,71.7,22.31,25.38,33.62,27.27,44.5,68954.0
20032,Astrea,74.22,58.01,6.91,60.03,47.3,13.75,36.22,36.65,52.8,21316.0
20045,Becerril,80.0,62.08,6.91,67.9,26.06,20.71,66.99,25.98,48.6,34847.0
20060,Bosconia,85.88,78.11,6.91,72.23,6.7,49.02,44.52,30.72,43.8,59481.0
20175,Chimichagua,74.07,39.0,6.91,70.78,61.06,2.67,29.06,30.1,52.5,36405.0
20178,Chiriguaná,83.05,70.28,6.91,70.57,41.27,58.66,20.55,28.52,41.3,37590.0
20228,Curumaní,83.02,73.46,6.91,71.12,30.02,29.21,31.74,26.97,45.8,54299.0
20238,El Copey,87.89,73.52,6.91,72.64,25.24,67.12,35.07,24.65,48.2,38876.0
20250,El Paso,86.41,72.77,6.91,72.81,82.93,59.07,20.65,30.83,40.7,52948.0
20295,Gamarra,90.21,46.69,6.91,65.77,35.1,18.26,20.33,24.26,48.6,14403.0
20310,González,56.38,32.08,6.91,54.87,69.85,84.55,24.55,13.16,56.6,5377.0
20383,La Gloria,82.72,58.02,6.91,72.62,65.62,10.47,26.16,20.42,44.4,20527.0
20400,La Jagua de Ibirico,85.75,78.69,6.91,69.49,23.11,20.84,34.73,16.89,32.6,70435.0
20443,Manaure,82.53,59.03,6.91,62.29,17.42,36.17,51.06,23.98,41.2,13544.0
20517,Pailitas,76.51,69.58,6.91,63.06,25.67,24.5,36.69,22.03,46.1,22491.0
20550,Pelaya,80.07,67.35,6.91,70.25,31.27,25.99,31.3,24.77,51.0,28268.0
20570,Pueblo Bello,43.0,35.04,6.91,61.27,68.86,6.56,86.42,26.48,74.9,42771.0
20614,Río de Oro,65.87,53.71,6.91,73.8,53.27,10.85,28.13,13.78,48.3,21949.0
20621,La Paz,70.61,67.44,6.91,68.25,29.89,26.1,37.73,24.71,41.7,39122.0
20710,San Alberto,87.81,79.21,6.91,73.79,19.79,23.75,25.3,10.43,31.9,38598.0
20750,San Diego,79.7,65.87,6.91,62.05,46.28,23.59,28.46,16.75,40.7,31003.0
20770,San Martín,84.99,72.04,6.91,78.53,44.93,16.78,28.6,19.86,41.7,43513.0
20787,Tamalameque,77.19,50.68,6.91,70.84,60.61,29.82,22.45,30.0,47.5,16058.0
23000,Córdoba,68.07,41.72,8.85,74.21,46.01,19.36,51.65,21.66,44.56,2294971.0
23001,Montería,88.43,67.77,4.1,74.05,21.76,21.64,45.93,12.55,27.1,725608.0
23068,Ayapel,24.41,24.6,6.91,72.7,41.17,4.17,67.52,35.43,62.4,50952.0
23079,Buenavista,76.33,33.85,6.91,72.55,63.28,22.97,49.14,27.58,58.0,22400.0
23090,Canalete,46.36,20.14,6.91,63.59,75.11,6.48,87.54,40.52,68.2,17335.0
23162,Cereté,87.08,30.02,6.91,72.89,44.19,39.08,28.58,21.92,34.4,145960.0
23168,Chimá,31.13,20.4,6.91,64.34,80.91,49.52,34.95,45.31,57.8,21382.0
23182,Chinú,87.17,48.29,6.91,72.31,57.59,36.42,27.04,22.64,45.3,56235.0
23189,Ciénaga de Oro,66.44,26.04,6.91,76.17,63.36,29.3,42.06,28.65,52.3,63054.0
23300,Cotorra,85.08,2.89,6.91,49.01,68.71,10.08,19.7,31.58,39.7,25421.0
23350,La Apartada,61.83,51.94,6.91,71.55,23.98,38.85,24.57,31.77,52.6,18385.0
23417,Lorica,69.37,33.71,6.91,70.09,51.31,20.48,38.79,27.47,41.1,118644.0
23419,Los Córdobas,26.25,13.94,6.91,66.54,80.54,5.1,76.33,51.38,60.5,17570.0
23464,Momil,75.42,43.87,6.91,68.3,39.63,24.48,15.85,31.35,42.1,25403.0
23466,Montelíbano,63.06,61.98,6.91,59.78,25.71,28.67,65.05,15.77,41.1,92015.0
23500,Moñitos,51.15,4.71,6.91,69.43,78.57,3.22,75.65,43.73,65.4,35967.0
23555,Planeta Rica,64.36,60.74,6.91,71.53,36.18,39.55,52.42,23.46,43.0,62797.0
23570,Pueblo Nuevo,85.62,29.27,6.91,69.44,72.04,16.2,50.02,26.89,52.9,38820.0
23574,Puerto Escondido,28.48,1.78,6.91,65.53,83.24,4.04,81.23,42.88,67.9,23548.0
23580,Puerto Libertador,48.02,18.12,6.91,72.2,69.13,18.09,70.44,25.21,58.9,50302.0
23586,Purísima,56.93,36.5,6.91,65.78,57.99,28.01,42.89,28.84,53.1,21619.0
23660,Sahagún,74.28,51.76,6.91,83.01,50.99,26.81,27.41,22.9,40.4,131939.0
23670,San Andrés Sotavento,26.31,19.16,6.91,71.97,78.71,18.58,77.84,52.28,76.3,56853.0
23672,San Antero,71.4,45.08,6.91,75.01,52.68,36.55,27.7,30.95,46.0,46360.0
23675,San Bernardo del Viento,58.61,4.8,6.91,68.13,77.26,7.97,46.92,28.63,57.0,46981.0
23678,San Carlos,38.16,0.63,6.91,61.98,83.63,32.4,41.52,24.04,58.0,29420.0
23682,San José de Ure,39.79,29.97,6.91,63.6,62.22,7.13,60.66,42.0,61.3,17834.0
23686,San Pelayo,43.25,8.07,6.91,74.07,83.24,18.59,40.65,21.27,45.8,64344.0
23807,Tierralta,42.04,22.13,6.91,67.09,54.13,24.84,71.62,38.9,63.8,110032.0
23815,Tuchín,41.04,11.89,6.91,64.11,85.94,5.38,82.94,51.43,78.0,72229.0
23855,Valencia,55.26,35.57,6.91,65.66,53.93,21.69,76.91,32.47,53.1,33984.0
25000,Cundinamarca,89.69,76.8,5.07,80.81,16.28,13.08,10.83,4.6,16.16,4842873.0
25001,Agua de Dios,95.23,80.09,6.91,69.98,15.52,7.8,12.57,6.66,17.9,11098.0
25019,Albán,82.42,26.85,6.91,69.56,56.37,14.54,10.84,7.19,25.8,7243.0
25035,Anapoima,85.38,52.82,6.91,79.96,46.91,17.41,13.32,6.59,22.6,21720.0
25040,Anolaima,86.76,43.66,6.91,67.23,52.79,12.79,11.38,6.6,22.7,14501.0
25053,Arbeláez,88.2,42.25,6.91,67.89,45.82,9.12,9.68,10.57,20.0,9065.0
25086,Beltrán,78.94,74.88,6.91,64.49,66.56,51.02,9.46,10.42,38.3,1501.0
25095,Bituima,71.75,25.9,6.91,62.7,65.48,0.0,10.7,4.85,29.3,2054.0
25099,Bojacá,93.68,81.87,6.91,73.46,11.02,8.4,8.49,4.55,16.8,12845.0
25120,Cabrera,36.78,27.68,6.91,65.97,64.76,19.76,10.9,7.87,39.5,4685.0
25123,Cachipay,90.66,40.36,6.91,70.02,47.87,26.14,9.92,8.12,20.6,9823.0
25126,Cajicá,99.65,98.22,6.91,85.3,33.67,3.01,3.22,3.11,6.8,168664.0
25148,Caparrapí,52.3,28.18,6.91,66.65,58.71,7.18,32.54,19.67,41.2,7379.0
25151,Cáqueza,56.22,48.45,6.91,71.46,38.15,10.39,7.61,7.28,21.7,18497.0
25154,Carmen de Carupa,83.16,28.77,6.91,65.88,52.77,23.49,13.8,9.41,31.2,7142.0
25168,Chaguaní,43.68,25.28,6.91,64.53,64.96,21.37,17.18,8.3,58.7,4241.0
25175,Chía,99.25,92.96,6.91,79.36,18.18,4.36,3.67,2.75,6.7,239430.0
25178,Chipaque,57.2,31.17,6.91,74.13,54.02,18.54,11.39,4.63,31.1,9954.0
25181,Choachí,85.23,41.91,6.91,76.54,44.34,8.34,10.42,4.04,22.5,10565.0
25183,Chocontá,86.98,53.14,6.91,72.48,30.68,4.32,11.3,4.34,27.5,23116.0
25200,Cogua,94.16,68.28,6.91,78.01,47.05,3.82,4.11,2.64,12.6,30867.0
25214,Cota,96.8,86.16,6.91,86.81,36.59,10.4,3.97,4.04,9.0,62577.0
25224,Cucunubá,84.74,19.14,6.91,77.6,68.95,22.59,11.85,9.13,25.0,8480.0
25245,El Colegio,93.98,49.55,6.91,73.42,40.03,10.69,8.3,4.55,18.3,31890.0
25258,El Peñón,25.12,18.47,6.91,63.41,69.65,0.0,27.69,11.96,49.5,3993.0
25260,El Rosal,96.3,90.82,6.91,77.91,5.36,3.76,5.22,7.49,12.8,33291.0
25269,Facatativá,97.67,94.67,6.91,76.25,4.02,14.94,8.61,3.48,10.5,210682.0
25279,Fómeque,83.86,43.04,6.91,67.35,38.39,7.28,9.19,2.36,27.4,11744.0
25281,Fosca,34.16,25.3,6.91,62.15,59.42,0.0,15.52,6.06,45.2,4327.0
25286,Funza,99.39,98.46,6.91,86.18,1.95,8.87,6.52,3.16,7.8,194980.0
25288,Fúquene,85.59,16.76,6.91,71.79,82.53,0.0,8.8,3.59,23.6,4075.0
25290,Fusagasugá,97.12,85.68,6.91,77.43,9.41,6.65,7.81,4.09,12.2,206124.0
25293,Gachalá,44.42,35.46,6.91,66.18,48.33,0.0,24.23,4.72,51.5,4229.0
25295,Gachancipá,97.02,85.13,6.91,76.44,19.13,24.06,5.94,3.99,11.1,26936.0
25297,Gachetá,54.46,39.93,6.91,63.71,41.76,21.84,23.53,4.19,43.2,8096.0
25299,Gama,22.53,22.44,6.91,60.31,58.94,0.0,9.0,5.28,42.9,2930.0
25307,Girardot,98.75,95.01,6.91,77.0,2.38,40.77,18.89,6.65,13.4,103607.0
25312,Granada,86.4,43.36,6.91,71.5,56.32,11.76,4.03,7.61,19.9,7580.0
25317,Guachetá,90.37,46.28,6.91,71.73,38.78,7.02,12.86,10.55,25.7,17375.0
25320,Guaduas,67.79,65.53,6.91,75.1,41.67,2.81,13.58,5.29,27.2,27516.0
25322,Guasca,91.18,49.51,6.91,78.93,41.85,11.36,5.88,2.99,15.5,22544.0
25324,Guataquí,79.79,60.18,6.91,60.03,42.97,36.08,4.35,14.54,32.9,3551.0
25326,Guatavita,81.84,38.3,6.91,70.41,47.07,13.69,11.18,1.9,33.1,5653.0
25328,Guayabal de Síquima,80.17,28.81,6.91,66.69,59.81,0.0,13.17,3.25,29.4,6180.0
25335,Guayabetal,38.38,38.32,6.91,81.76,50.78,44.48,11.55,5.69,29.6,7397.0
25339,Gutiérrez,47.03,31.44,6.91,61.02,53.72,26.14,11.18,8.27,37.6,3198.0
25368,Jerusalén,45.04,27.35,6.91,62.52,52.67,40.27,12.95,14.59,34.9,1593.0
25372,Junín,49.86,19.55,6.91,61.74,69.27,0.0,17.49,6.22,57.8,2779.0
25377,La Calera,89.04,59.94,6.91,74.72,54.41,2.83,4.22,1.78,9.8,56594.0
25386,La Mesa,88.88,58.74,6.91,77.55,31.3,7.74,15.77,3.38,18.3,46678.0
25394,La Palma,46.98,43.34,6.91,65.13,39.57,9.8,29.98,9.21,39.4,9158.0
25398,La Peña,24.05,15.33,6.91,62.69,64.64,16.41,33.33,12.63,50.3,5470.0
25402,La Vega,71.26,43.94,6.91,76.54,45.42,15.01,9.18,4.73,22.1,20036.0
25407,Lenguazaque,72.51,32.37,6.91,68.09,54.65,8.64,12.33,4.49,29.1,10438.0
25426,Machetá,65.4,25.95,6.91,68.7,55.16,15.32,12.84,10.69,38.2,5751.0
25430,Madrid,99.13,95.43,6.91,80.32,2.7,11.73,6.68,3.24,10.4,182904.0
25436,Manta,74.06,24.37,6.91,61.28,55.7,0.0,8.04,4.98,35.5,2458.0
25438,Medina,56.25,54.05,6.91,66.91,34.37,34.07,34.92,7.75,38.5,8423.0
25473,Mosquera,98.61,98.67,6.91,81.69,1.0,4.95,5.95,3.36,9.6,258239.0
25483,Nariño,76.47,69.15,6.91,64.42,21.01,75.7,14.34,8.23,27.8,2484.0
25486,Nemocón,97.63,74.55,6.91,67.61,35.46,12.83,5.48,3.57,14.2,17644.0
25488,Nilo,77.55,52.78,6.91,79.82,60.25,7.99,9.6,5.28,22.1,10520.0
25489,Nimaima,69.78,33.92,6.91,64.96,62.25,25.56,15.1,3.9,30.2,3319.0
25491,Nocaima,59.72,36.88,6.91,64.75,52.28,14.21,12.45,7.17,26.2,3843.0
25506,Venecia,62.64,33.9,6.91,62.29,58.76,0.0,15.31,7.27,38.1,4687.0
25513,Pacho,69.37,50.38,6.91,75.31,31.12,7.45,10.88,5.38,27.7,23978.0
25518,Paime,20.45,16.45,6.91,63.95,72.76,0.0,37.47,15.38,55.0,2416.0
25524,Pandi,69.92,24.11,6.91,65.0,65.44,0.0,13.81,9.02,36.7,4092.0
25530,Paratebueno,66.79,62.64,6.91,77.6,46.02,40.46,17.34,12.76,37.4,8772.0
25535,Pasca,72.69,24.04,6.91,65.74,56.54,20.78,7.99,7.25,30.6,8931.0
25572,Puerto Salgar,87.02,85.0,6.91,73.41,19.14,16.78,25.4,9.47,31.0,15119.0
25580,Pulí,45.99,18.93,6.91,64.19,65.79,0.0,10.96,3.94,46.0,4089.0
25592,Quebradanegra,61.7,26.54,6.91,68.21,75.39,40.59,11.92,3.17,32.1,4518.0
25594,Quetame,47.15,42.44,6.91,69.86,55.37,17.54,11.01,6.29,37.7,4755.0
25596,Quipile,74.29,18.7,6.91,59.19,74.51,14.27,18.88,14.4,44.1,3613.0
25599,Apulo,64.16,46.75,6.91,68.16,45.56,21.99,27.35,8.29,28.4,8701.0
25612,Ricaurte,95.41,55.01,6.91,79.57,33.03,12.98,11.03,6.47,17.5,18142.0
25645,San Antonio del Tequendama,78.39,18.43,6.91,69.76,77.03,58.15,7.64,3.61,21.8,10756.0
25649,San Bernardo,67.64,46.0,6.91,63.24,46.01,10.71,10.83,5.45,34.8,8316.0
25653,San Cayetano,21.18,19.53,6.91,62.18,70.16,0.0,9.18,0.57,36.9,3954.0
25658,San Francisco,78.13,41.91,6.91,70.5,42.29,8.12,9.52,4.75,20.2,17277.0
25662,San Juan de Río Seco,63.47,53.14,6.91,63.79,51.38,11.27,17.36,4.56,35.6,8019.0
25718,Sasaima,78.05,13.63,6.91,68.74,58.81,8.09,9.18,6.44,22.9,11360.0
25736,Sesquilé,88.19,58.95,6.91,81.52,51.94,7.37,7.1,2.48,17.7,14824.0
25740,Sibaté,98.84,83.04,6.91,78.71,30.14,12.72,7.79,5.31,13.5,40856.0
25743,Silvania,71.89,37.45,6.91,74.18,55.07,23.82,8.9,5.84,23.5,21536.0
25745,Simijaca,94.7,62.59,6.91,70.53,25.73,20.52,6.27,4.33,22.4,17535.0
25754,Soacha,93.78,92.4,6.91,77.11,0.45,17.57,13.2,5.24,14.1,1312126.0
25758,Sopó,97.86,85.21,6.91,86.5,30.18,3.45,2.94,2.78,8.0,40642.0
25769,Subachoque,94.91,62.44,6.91,76.51,34.35,11.14,4.06,3.3,12.6,22333.0
25772,Suesca,96.41,60.19,6.91,71.16,37.68,9.95,5.37,4.65,14.0,23785.0
25777,Supatá,75.72,35.56,6.91,67.81,51.45,17.35,14.18,3.25,28.2,5617.0
25779,Susa,62.1,31.79,6.91,65.17,47.76,13.61,14.99,8.65,27.1,6149.0
25781,Sutatausa,92.0,42.9,6.91,65.87,49.62,14.48,8.37,6.16,21.3,8641.0
25785,Tabio,96.19,65.43,6.91,74.89,53.02,3.85,4.54,2.44,9.6,22797.0
25793,Tausa,78.34,22.95,6.91,70.2,65.26,22.23,8.01,8.47,24.3,8408.0
25797,Tena,92.16,28.23,6.91,74.38,78.71,27.4,7.4,2.84,18.5,13798.0
25799,Tenjo,97.93,63.81,6.91,86.1,40.86,11.61,4.4,4.09,10.4,30098.0
25805,Tibacuy,71.27,21.64,6.91,67.11,75.88,20.1,11.42,5.86,27.4,3450.0
25807,Tibirita,48.56,19.38,6.91,64.75,67.43,29.28,13.22,4.41,52.3,3276.0
25815,Tocaima,86.23,62.0,6.91,72.08,28.13,39.29,14.8,9.01,24.4,15377.0
25817,Tocancipá,98.91,93.07,6.91,82.61,42.93,4.08,3.94,4.1,10.1,58755.0
25823,Topaipí,30.9,19.59,6.91,62.95,66.34,21.77,30.77,12.02,47.1,3001.0
25839,Ubalá,27.03,21.12,6.91,64.8,64.49,24.7,19.69,30.7,47.0,7139.0
25841,Ubaque,59.12,17.26,6.91,64.58,66.82,13.19,17.23,4.6,34.1,6175.0
25843,Villa de San Diego de Ubate,97.32,77.45,6.91,77.04,13.9,5.96,9.25,3.81,14.2,59413.0
25845,Une,80.8,52.6,6.91,66.67,31.68,37.95,11.96,11.76,29.6,5427.0
25851,Útica,64.53,48.36,6.91,65.9,28.38,0.0,24.37,11.27,35.5,4179.0
25862,Vergara,33.18,15.47,6.91,66.55,66.18,13.01,25.46,8.35,50.0,5240.0
25867,Vianí,50.15,33.92,6.91,62.4,49.06,20.61,14.9,5.55,31.6,4735.0
25871,Villagómez,48.46,34.2,6.91,60.07,48.41,52.66,11.44,8.72,38.2,1161.0
25873,Villapinzón,88.32,39.97,6.91,70.54,45.05,5.06,10.5,5.88,31.4,18258.0
25875,Villeta,86.06,68.81,6.91,76.22,19.67,16.01,13.69,5.77,18.7,33554.0
25878,Viotá,76.61,33.25,6.91,68.56,54.71,6.72,16.21,10.62,36.3,12346.0
25885,Yacopí,42.62,26.87,6.91,66.57,58.99,7.42,48.76,14.79,55.5,7013.0
25898,Zipacón,86.26,40.17,6.91,63.77,55.82,18.57,8.05,6.2,20.5,3959.0
25899,Zipaquirá,98.18,94.58,6.91,77.39,18.07,10.19,5.16,2.65,10.3,215971.0
27000,Chocó,28.54,20.36,36.94,52.51,56.53,56.08,62.58,68.29,62.44,675143.0
27001,Quibdó,25.21,17.81,17.58,76.99,16.51,133.92,64.17,73.72,44.4,159063.0
27006,Acandí,60.42,31.12,6.91,63.09,59.14,132.08,42.05,31.68,51.4,18180.0
27025,Alto Baudó,20.27,14.02,6.91,47.51,90.43,10.43,82.39,45.03,90.6,31433.0
27050,Atrato,48.07,13.04,6.91,63.77,56.71,47.56,50.68,32.35,61.5,7050.0
27073,Bagadó,28.95,21.22,6.91,63.89,84.87,8.74,76.6,51.24,81.0,16554.0
27075,Bahía Solano,82.15,53.28,6.91,69.54,40.76,47.88,28.12,22.1,46.6,11656.0
27077,Bajo Baudó,36.79,12.23,6.91,76.19,81.3,3.23,71.42,44.62,80.4,38101.0
27099,Bojayá,21.78,5.78,6.91,63.19,93.58,7.98,70.53,33.46,77.1,14638.0
27135,El Cantón del San Pablo,35.94,43.43,6.91,63.92,57.88,31.31,30.58,58.78,60.2,7096.0
27150,Carmen del Darién,16.7,7.65,6.91,63.66,91.24,5.04,76.01,72.96,77.8,23327.0
27160,Cértegui,36.46,37.32,6.91,61.86,45.7,103.31,61.91,45.64,55.9,6587.0
27205,Condoto,31.93,52.0,6.91,66.89,24.89,15.92,42.58,73.33,53.2,11350.0
27245,El Carmen de Atrato,62.71,55.79,6.91,62.33,73.43,23.97,50.49,6.39,54.0,9413.0
27250,El Litoral del San Juan,18.23,3.95,6.91,76.19,94.76,21.5,71.39,57.19,83.1,35465.0
27361,Istmina,1.57,9.72,6.91,69.21,30.08,41.54,56.88,92.45,55.1,47458.0
27372,Juradó,67.09,47.82,6.91,67.81,68.5,14.38,71.58,33.35,71.8,11540.0
27413,Lloró,19.54,22.65,6.91,57.49,69.64,29.79,81.13,68.17,74.4,11274.0
27425,Medio Atrato,5.94,2.49,6.91,70.18,94.11,54.02,47.62,91.65,76.6,12147.0
27430,Medio Baudó,17.55,2.47,6.91,74.17,88.38,6.32,58.59,95.93,80.2,22236.0
27450,Medio San Juan,14.39,9.32,6.91,71.4,78.67,63.63,55.3,86.53,69.7,12132.0
27491,Nóvita,36.04,19.77,6.91,70.99,65.69,64.86,44.78,57.07,60.1,10902.0
27495,Nuquí,60.9,9.28,6.91,64.39,94.33,23.65,58.29,33.04,72.9,20498.0
27580,Río Iró,78.79,27.89,6.91,63.6,75.56,35.2,42.07,41.57,75.1,6289.0
27600,Río Quito,32.76,34.54,6.91,65.56,76.47,58.24,66.29,36.89,66.8,8275.0
27615,Riosucio,18.07,14.36,6.91,77.63,52.15,33.85,67.01,96.81,70.9,29921.0
27660,San José del Palmar,58.32,41.62,6.91,67.7,79.72,257.94,34.39,16.8,59.1,4793.0
27745,Sipí,11.56,47.29,6.91,74.02,81.1,91.72,45.0,62.94,69.7,3630.0
27787,Tadó,36.68,34.82,6.91,52.85,44.14,27.47,51.93,56.67,59.9,21074.0
27800,Unguía,57.52,19.74,6.91,62.0,73.21,30.71,56.35,33.5,63.4,9624.0
27810,Unión Panamericana,20.18,31.9,6.91,43.9,61.41,28.19,23.88,86.33,57.4,7886.0
41000,Huila,85.13,68.78,17.25,70.74,38.29,28.45,18.05,9.26,32.48,1378928.0
41001,Neiva,96.82,93.76,5.38,72.16,6.76,22.95,12.86,7.16,17.6,473535.0
41006,Acevedo,54.74,23.62,6.91,66.27,81.96,58.34,20.43,12.9,51.0,27364.0
41013,Agrado,75.2,68.61,6.91,65.8,35.63,11.19,19.44,17.52,50.0,9633.0
41016,Aipe,81.57,71.76,6.91,70.39,34.64,5.95,17.15,14.28,35.4,18756.0
41020,Algeciras,76.61,53.7,6.91,65.35,51.57,43.59,20.62,18.7,45.2,21020.0
41026,Altamira,89.15,70.1,6.91,71.56,44.67,22.53,9.25,8.69,30.4,5359.0
41078,Baraya,71.33,61.57,6.91,62.62,53.17,59.5,25.58,15.6,49.4,7061.0
41132,Campoalegre,83.58,76.06,6.91,69.39,24.23,62.76,16.39,12.77,31.1,30259.0
41206,Colombia,62.07,41.4,6.91,60.96,71.46,56.16,31.96,13.16,61.7,8123.0
41244,Elías,88.27,65.59,6.91,59.58,66.71,0.0,10.33,8.29,32.3,5389.0
41298,Garzón,89.72,64.82,6.91,71.11,46.87,21.23,13.56,11.0,32.0,78437.0
41306,Gigante,83.75,58.82,6.91,69.3,60.18,23.88,14.8,10.84,36.9,19103.0
41319,Guadalupe,71.64,40.67,6.91,65.86,70.35,16.13,19.63,15.26,43.2,18284.0
41349,Hobo,75.52,73.81,6.91,68.75,23.44,13.32,42.98,13.93,38.8,9232.0
41357,Iquira,70.07,58.38,6.91,61.41,72.24,21.06,26.63,16.87,49.6,10338.0
41359,Isnos,79.21,25.11,6.91,67.71,75.96,30.6,21.94,11.3,43.1,27742.0
41378,La Argentina,76.54,40.61,6.91,61.17,62.62,7.47,21.4,15.7,44.0,15552.0
41396,La Plata,73.46,53.83,6.91,74.59,58.35,22.08,24.43,11.29,42.5,81567.0
41483,Nátaga,69.98,45.41,6.91,59.49,59.56,30.18,21.23,12.7,46.9,7837.0
41503,Oporapa,83.13,38.11,6.91,59.09,80.64,16.51,19.44,13.55,58.5,13096.0
41518,Paicol,74.5,48.72,6.91,65.21,58.23,59.01,15.55,5.63,39.1,10161.0
41524,Palermo,78.07,70.56,6.91,79.58,52.92,21.96,11.61,13.66,32.6,24811.0
41530,Palestina,69.76,18.77,6.91,61.49,85.07,8.63,20.78,15.28,51.0,12747.0
41548,Pital,71.4,43.0,6.91,64.67,64.75,7.07,18.17,10.28,43.9,15675.0
41551,Pitalito,85.48,68.5,6.91,71.0,41.56,32.12,17.61,7.85,33.7,180504.0
41615,Rivera,90.95,75.4,6.91,72.0,52.52,19.57,13.21,11.8,27.4,35339.0
41660,Saladoblanco,77.33,35.86,6.91,57.83,82.93,37.25,22.12,12.92,57.8,10589.0
41668,San Agustín,82.55,44.37,6.91,70.92,66.88,26.25,17.7,9.69,36.3,39949.0
41676,Santa María,49.34,30.62,6.91,62.65,76.5,47.03,23.63,12.57,51.5,10580.0
41770,Suaza,60.42,41.61,6.91,67.6,80.46,21.64,17.72,7.0,41.6,32000.0
41791,Tarqui,76.79,55.42,6.91,64.9,69.04,22.2,15.13,9.3,47.1,20481.0
41797,Tesalia,90.01,70.51,6.91,66.95,50.74,0.0,10.83,9.44,36.1,15241.0
41799,Tello,83.32,58.81,6.91,63.18,55.7,8.34,14.01,19.78,44.5,13384.0
41801,Teruel,66.48,56.29,6.91,62.41,47.13,36.47,16.04,6.27,39.9,7845.0
41807,Timaná,87.69,51.97,6.91,68.51,65.07,26.75,12.07,7.75,40.8,24989.0
41872,Villavieja,86.06,79.23,6.91,65.06,67.45,27.4,12.99,15.31,37.9,7082.0
41885,Yaguará,90.86,83.21,6.91,72.61,16.76,12.58,13.68,8.4,23.8,7845.0
44000,La Guajira,46.56,41.87,20.96,58.81,48.17,17.92,74.96,28.95,60.21,1338301.0
44001,Riohacha,69.02,55.16,14.83,70.57,23.71,24.82,66.85,21.76,45.1,210762.0
44035,Albania,63.43,56.44,6.91,78.14,37.74,11.94,66.48,15.94,49.8,48994.0
44078,Barrancas,63.5,67.91,6.91,70.12,47.7,12.56,49.69,31.85,46.7,51332.0
44090,Dibulla,51.84,27.25,6.91,70.99,82.89,54.97,58.45,33.58,65.5,64186.0
44098,Distracción,72.13,66.03,6.91,62.34,47.17,6.76,28.31,21.2,40.2,13653.0
44110,El Molino,78.68,76.71,6.91,63.54,4.04,0.0,53.98,23.6,37.0,6406.0
44279,Fonseca,79.12,79.97,6.91,72.65,8.81,36.77,27.22,17.98,36.0,71281.0
44378,Hatonuevo,60.03,60.03,6.91,66.0,32.67,8.74,44.89,20.64,43.3,26346.0
44420,La Jagua del Pilar,76.37,70.76,6.91,59.65,30.39,0.0,42.17,20.06,43.0,5045.0
44430,Maicao,42.14,44.62,6.91,70.9,32.09,28.11,80.77,44.99,60.0,279152.0
44560,Manaure,4.42,5.83,6.91,65.64,84.59,9.28,80.29,84.79,86.7,106671.0
44650,San Juan del Cesar,72.37,57.08,6.91,76.2,25.77,19.43,37.47,16.93,36.6,78961.0
44847,Uribia,2.53,2.88,6.91,68.18,92.63,4.05,89.03,71.32,92.2,261337.0
44855,Urumita,84.73,82.2,6.91,63.51,7.98,8.56,73.66,19.51,32.0,13692.0
44874,Villanueva,91.5,87.46,6.91,59.42,3.98,16.48,40.02,17.04,31.0,36853.0
47000,Magdalena,72.33,52.61,18.84,71.48,32.08,26.43,38.43,21.64,42.36,1680900.0
47001,Santa Marta,78.62,79.26,6.8,72.28,11.56,35.84,25.37,13.21,24.4,643372.0
47030,Algarrobo,87.16,1.04,6.91,57.02,39.71,40.66,29.28,28.91,57.3,23257.0
47053,Aracataca,66.7,33.7,6.91,66.24,45.75,32.91,44.89,18.93,50.0,44288.0
47058,Ariguaní,64.82,10.77,6.91,66.06,40.88,42.94,42.88,44.56,56.4,25871.0
47161,Cerro San Antonio,69.3,1.15,6.91,62.33,45.41,9.91,32.25,40.03,62.4,13958.0
47170,Chibolo,65.91,45.29,6.91,57.27,37.68,20.85,63.87,34.81,53.3,32944.0
47189,Ciénaga,82.03,62.67,6.91,69.95,13.05,62.75,49.43,25.69,44.6,148820.0
47205,Concordia,84.36,7.94,6.91,53.48,61.42,8.91,26.87,37.7,67.9,10860.0
47245,El Banco,55.58,30.04,6.91,62.96,43.45,27.98,42.48,25.35,54.7,81622.0
47258,El Piñón,73.95,28.38,6.91,57.72,68.49,12.15,20.16,33.66,50.4,31462.0
47268,El Retén,82.98,7.73,6.91,53.89,24.42,46.32,49.87,31.67,63.6,19515.0
47288,Fundación,85.71,76.2,6.91,68.54,17.71,38.74,74.64,16.76,43.9,80633.0
47318,Guamal,64.8,34.82,6.91,46.68,74.39,13.97,38.42,22.12,60.3,25388.0
47460,Nueva Granada,29.8,50.51,6.91,59.73,59.73,18.43,46.28,96.33,66.4,28082.0
47541,Pedraza,79.21,24.6,6.91,50.1,73.97,21.53,35.51,32.03,56.2,11338.0
47545,Pijiño del Carmen,70.85,39.53,6.91,61.39,58.13,30.22,48.11,48.55,60.8,16055.0
47551,Pivijay,58.6,49.48,6.91,66.41,42.28,27.53,30.7,21.09,52.4,41205.0
47555,Plato,78.11,27.46,6.91,52.56,23.45,19.8,61.15,29.84,52.7,92339.0
47570,Puebloviejo,12.43,1.79,6.91,65.63,72.3,9.09,31.38,72.24,58.0,36528.0
47605,Remolino,92.29,0.61,6.91,58.54,35.74,57.23,22.51,20.04,50.6,17111.0
47660,Sabanas de San Ángel,55.93,19.55,6.91,58.35,72.25,17.49,66.92,41.5,69.4,16498.0
47675,Salamina,91.83,60.92,6.91,56.09,33.59,8.63,33.17,23.02,44.3,15855.0
47692,San Sebastián de Buenavista,64.8,24.47,6.91,56.92,74.12,4.71,42.22,43.3,63.8,21623.0
47703,San Zenón,80.66,26.89,6.91,60.78,92.24,15.68,27.64,22.28,56.4,16847.0
47707,Santa Ana,73.37,44.05,6.91,62.2,43.85,3.78,38.89,23.89,47.3,30939.0
47720,Santa Bárbara de Pinto,78.11,29.48,6.91,57.95,38.1,25.9,37.15,38.9,57.8,10083.0
47745,Sitionuevo,47.99,1.16,6.91,71.59,48.85,60.19,49.63,46.66,70.7,28071.0
47798,Tenerife,62.93,35.99,6.91,64.6,52.0,7.22,46.09,32.04,56.3,14742.0
47960,Zapayán,75.76,1.06,6.91,53.9,62.41,9.19,44.99,55.14,70.4,12531.0
47980,Zona Bananera,49.1,1.07,6.91,69.99,97.82,68.58,28.88,23.12,48.6,84446.0
50000,Meta,79.03,78.34,7.28,77.18,26.46,30.21,31.71,7.95,25.21,1286877.0
50001,Villavicencio,92.27,90.86,4.43,71.2,8.93,16.6,11.6,5.93,15.9,637426.0
50006,Acacías,91.89,85.41,6.91,77.91,26.47,10.72,10.71,5.13,19.2,128755.0
50110,Barranca de Upía,79.67,73.98,6.91,84.98,29.81,44.88,17.11,15.84,36.5,9270.0
50124,Cabuyaro,77.1,71.97,6.91,71.39,52.82,79.48,25.14,10.5,32.2,7528.0
50150,Castilla La Nueva,89.79,69.96,6.91,78.82,62.41,30.93,11.39,7.19,23.1,20982.0
50223,Cubarral,85.71,69.12,6.91,67.17,35.72,13.92,11.69,5.76,21.8,7316.0
50226,Cumaral,77.1,78.35,6.91,81.86,36.9,4.24,12.17,6.12,22.7,24894.0
50245,El Calvario,72.66,48.63,6.91,63.01,65.16,60.02,6.01,0.91,29.7,1897.0
50251,El Castillo,63.2,51.77,6.91,64.79,64.17,26.57,29.7,21.24,42.2,8487.0
50270,El Dorado,86.07,57.67,6.91,70.12,66.3,49.95,18.59,10.21,28.9,4137.0
50287,Fuente de Oro,56.37,70.5,6.91,66.62,44.57,31.78,25.27,11.6,32.0,12773.0
50313,Granada,54.65,83.1,6.91,76.45,17.77,26.49,18.91,9.73,29.6,73964.0
50318,Guamal,95.85,66.31,6.91,74.11,34.92,13.61,13.14,6.28,22.6,19963.0
50325,Mapiripán,36.44,31.55,6.91,63.18,71.64,206.3,66.09,30.75,64.2,7511.0
50330,Mesetas,58.58,46.83,6.91,66.35,64.09,28.31,42.82,12.09,45.1,12445.0
50350,La Macarena,16.35,22.01,6.91,63.9,87.12,66.65,45.58,23.37,67.9,35530.0
50370,Uribe,21.16,31.27,6.91,70.39,82.05,93.42,60.05,24.79,60.4,10165.0
50400,Lejanías,70.8,45.47,6.91,70.88,60.63,52.91,26.38,11.06,39.9,12158.0
50450,Puerto Concordia,36.68,41.46,6.91,67.24,65.75,68.91,65.63,17.2,53.0,8898.0
50568,Puerto Gaitán,45.37,45.17,6.91,78.35,53.69,78.98,70.52,20.02,51.8,70198.0
50573,Puerto López,78.75,74.9,6.91,80.38,41.93,19.48,27.58,14.27,32.7,31967.0
50577,Puerto Lleras,27.77,32.48,6.91,64.14,67.44,104.56,42.0,21.28,43.5,10381.0
50590,Puerto Rico,32.09,48.35,6.91,68.39,55.21,15.29,54.78,22.92,47.1,13512.0
50606,Restrepo,82.81,69.63,6.91,77.06,35.63,5.27,8.22,4.91,15.3,23968.0
50680,San Carlos de Guaroa,83.17,88.31,6.91,70.47,52.09,7.64,14.95,17.21,31.9,16756.0
50683,San Juan de Arama,57.49,49.3,6.91,65.78,55.71,22.2,32.14,12.91,37.9,9452.0
50686,San Juanito,65.62,56.16,6.91,54.32,46.31,0.0,12.45,7.53,43.2,1367.0
50689,San Martín,80.34,76.84,6.91,74.76,29.84,59.42,41.38,8.76,25.5,27947.0
50711,Vistahermosa,54.83,41.57,6.91,67.29,61.06,70.34,44.45,24.37,48.5,18611.0
52000,Nariño,72.4,48.58,14.3,71.8,55.8,36.44,26.61,16.2,37.99,1748916.0
52001,Pasto,98.38,89.76,3.08,74.25,21.54,10.69,14.96,6.13,16.3,397480.0
52019,Albán,73.28,39.56,6.91,59.64,69.77,10.72,12.91,21.99,44.2,9083.0
52022,Aldana,82.62,44.78,6.91,58.43,77.79,27.18,10.94,10.55,29.1,8250.0
52036,Ancuyá,96.62,30.71,6.91,61.37,74.51,34.84,9.67,9.15,22.2,8208.0
52051,Arboleda,67.06,24.57,6.91,56.6,85.62,11.87,23.9,24.43,54.3,10286.0
52079,Barbacoas,9.7,9.97,6.91,67.94,76.83,40.65,67.48,81.09,76.1,70950.0
52083,Belén,91.21,60.4,6.91,60.67,46.95,15.86,15.15,9.68,34.1,5738.0
52110,Buesaco,68.04,41.26,6.91,63.47,71.08,12.53,17.6,11.98,39.2,26535.0
52203,Colón,76.79,27.85,6.91,62.17,86.02,48.06,13.63,5.91,42.4,7999.0
52207,Consacá,93.13,36.74,6.91,60.87,83.45,0.0,11.13,20.96,34.9,16498.0
52210,Contadero,88.36,22.68,6.91,64.39,80.83,0.0,12.12,33.52,44.0,7418.0
52215,Córdoba,89.71,23.33,6.91,68.75,79.11,12.91,18.06,20.52,41.8,19431.0
52224,Cuaspud,49.53,28.38,6.91,61.24,69.21,10.86,25.04,27.45,51.4,11306.0
52227,Cumbal,85.1,39.48,6.91,65.61,80.65,24.28,17.44,6.18,28.6,49029.0
52233,Cumbitara,83.8,51.34,6.91,60.31,70.32,51.97,21.41,15.07,39.4,5597.0
52240,Chachagüí,90.09,45.39,6.91,74.98,69.69,13.06,20.47,12.37,32.2,16907.0
52250,El Charco,15.61,2.68,6.91,61.67,65.59,44.3,56.9,59.71,75.9,23679.0
52254,El Peñol,62.17,26.04,6.91,57.94,80.59,13.42,18.36,5.72,43.0,8405.0
52256,El Rosario,75.98,36.88,6.91,59.13,84.4,82.84,14.75,36.68,52.1,13681.0
52258,El Tablón de Gómez,55.3,30.04,6.91,66.33,88.24,7.01,25.94,24.64,50.4,14494.0
52260,El Tambo,84.22,38.06,6.91,66.29,61.02,36.18,17.73,13.08,31.9,14178.0
52287,Funes,83.99,47.03,6.91,63.39,55.32,14.02,12.81,33.25,41.1,7493.0
52317,Guachucal,90.7,39.4,6.91,62.92,83.78,20.67,12.58,16.58,30.4,20707.0
52320,Guaitarilla,96.65,40.52,6.91,60.72,60.34,17.64,13.64,12.64,33.6,10933.0
52323,Gualmatán,90.23,60.97,6.91,61.77,56.23,14.2,10.82,19.58,30.9,8023.0
52352,Iles,85.4,26.26,6.91,80.16,70.85,26.18,24.37,31.85,43.6,7139.0
52354,Imués,74.31,44.62,6.91,69.37,85.63,0.0,13.75,15.53,40.2,7703.0
52356,Ipiales,84.69,71.71,6.91,68.47,32.38,41.4,16.23,7.43,23.4,127912.0
52378,La Cruz,96.0,50.76,6.91,63.99,55.65,10.72,9.72,12.88,27.8,20505.0
52381,La Florida,91.98,27.62,6.91,62.08,78.76,10.08,30.55,37.11,59.0,9485.0
52385,La Llanada,73.19,56.57,6.91,61.35,49.91,15.44,22.61,15.41,33.6,6249.0
52390,La Tola,0.54,0.34,6.91,63.58,59.67,66.95,65.51,99.58,73.9,8598.0
52399,La Unión,48.88,41.14,6.91,71.1,58.63,31.47,20.78,13.81,48.6,39575.0
52405,Leiva,52.6,34.03,6.91,63.52,67.26,62.64,27.7,23.24,55.3,9214.0
52411,Linares,92.64,34.59,6.91,61.27,77.06,29.94,15.07,7.55,32.9,9627.0
52418,Los Andes,84.49,52.22,6.91,63.54,51.24,32.34,34.45,10.46,44.9,9053.0
52427,Magüi,2.4,4.77,6.91,61.13,68.69,27.38,75.92,94.08,85.3,31641.0
52435,Mallama,75.84,32.78,6.91,60.31,85.43,111.68,11.84,10.26,39.0,8139.0
52473,Mosquera,1.32,0.9,6.91,56.83,52.21,15.9,59.7,98.54,70.2,11244.0
52480,Nariño,94.01,63.38,6.91,62.52,37.96,0.0,25.13,23.6,40.8,4626.0
52490,Olaya Herrera,7.96,2.12,6.91,66.22,55.21,59.45,73.07,81.64,75.9,29465.0
52506,Ospina,96.04,38.87,6.91,63.54,70.55,0.0,15.53,13.08,28.9,6683.0
52520,Francisco Pizarro,32.19,1.17,6.91,59.74,59.33,21.17,42.83,53.62,69.5,18314.0
52540,Policarpa,79.87,55.38,6.91,65.67,72.08,163.48,16.26,14.68,38.7,9324.0
52560,Potosí,98.32,26.53,6.91,61.19,78.09,9.93,12.48,9.67,27.5,9793.0
52565,Providencia,71.81,26.5,6.91,60.14,71.83,17.99,17.64,34.91,55.3,5246.0
52573,Puerres,88.61,57.79,6.91,66.26,57.17,11.96,13.31,14.81,32.7,7683.0
52585,Pupiales,88.02,40.52,6.91,66.43,62.66,17.41,14.93,11.53,32.2,15504.0
52612,Ricaurte,27.98,12.77,6.91,66.64,87.51,74.71,67.61,21.19,71.9,31423.0
52621,Roberto Payán,8.71,10.08,6.91,61.98,71.87,55.08,39.78,60.88,81.0,13267.0
52678,Samaniego,72.96,34.35,6.91,69.06,64.35,108.05,32.64,11.91,47.7,27758.0
52683,Sandoná,97.84,60.13,6.91,64.33,47.19,30.32,15.46,12.95,28.9,19701.0
52685,San Bernardo,58.55,40.79,6.91,62.01,70.47,21.79,20.45,16.58,59.4,8670.0
52687,San Lorenzo,57.47,23.54,6.91,63.97,87.38,16.29,17.13,46.48,55.3,17980.0
52693,San Pablo,42.44,36.57,6.91,62.15,72.1,13.51,13.34,5.63,41.1,14485.0
52694,San Pedro de Cartago,31.01,12.64,6.91,63.82,87.21,0.0,23.58,8.93,54.6,6262.0
52696,Santa Bárbara,4.73,1.1,6.91,65.62,71.63,37.73,64.98,91.47,75.1,15455.0
52699,Santacruz,48.97,17.23,6.91,64.58,85.49,27.06,42.73,30.3,65.1,10019.0
52720,Sapuyes,89.48,42.99,6.91,65.2,79.7,13.83,19.95,40.0,43.0,6885.0
52786,Taminango,78.83,45.7,6.91,65.49,76.59,22.35,16.69,12.66,36.1,18504.0
52788,Tangua,87.9,31.99,6.91,67.73,78.2,15.01,21.98,19.99,46.0,15211.0
52835,San Andrés de Tumaco,31.72,5.46,6.91,66.74,64.61,76.56,38.75,18.13,53.7,299073.0
52838,Túquerres,77.46,48.78,6.91,68.09,59.98,13.45,20.23,7.19,32.5,50281.0
52885,Yacuanquer,84.7,43.96,6.91,54.91,68.45,18.26,17.28,16.53,44.2,12613.0
54000,Norte de Santander,83.24,79.28,13.13,75.9,22.57,37.5,37.01,13.28,33.97,1773870.0
54001,Cúcuta,94.79,92.67,6.63,76.07,4.44,31.82,23.68,13.32,25.7,752748.0
54003,Ábrego,63.24,54.01,6.91,64.35,46.32,37.6,40.39,15.55,55.8,39959.0
54051,Arboledas,49.04,28.57,6.91,62.22,74.8,19.62,37.31,7.95,53.5,10364.0
54099,Bochalema,76.71,71.85,6.91,65.63,61.88,22.19,19.41,10.23,36.3,10909.0
54109,Bucarasica,38.21,14.37,6.91,59.64,89.45,44.52,38.25,19.95,67.9,8897.0
54125,Cácota,40.49,33.97,6.91,58.01,63.92,101.56,27.22,17.17,48.9,3248.0
54128,Cachirá,33.31,30.84,6.91,60.68,80.84,43.82,28.33,7.88,56.4,11761.0
54172,Chinácota,81.14,67.04,6.91,73.19,34.86,15.61,22.3,11.09,30.3,24117.0
54174,Chitagá,62.15,48.98,6.91,65.78,60.82,15.92,39.89,19.08,54.8,14667.0
54206,Convención,48.24,40.41,6.91,66.61,58.83,64.94,38.8,20.17,64.0,23040.0
54223,Cucutilla,21.13,17.21,6.91,62.63,79.36,11.58,40.41,16.17,71.1,7515.0
54239,Durania,55.1,51.59,6.91,62.28,49.45,0.0,25.64,20.44,44.5,5221.0
54245,El Carmen,42.61,38.62,6.91,63.74,81.86,41.93,55.68,15.76,68.9,15961.0
54250,El Tarra,54.78,34.39,6.91,67.01,54.51,40.28,58.31,39.09,71.2,38150.0
54261,El Zulia,84.61,68.11,6.91,75.24,43.3,43.4,31.79,16.67,41.9,34642.0
54313,Gramalote,56.08,43.13,6.91,58.36,64.75,12.82,18.81,2.41,42.3,9668.0
54344,Hacarí,24.78,14.37,6.91,61.66,83.89,27.91,45.93,16.53,73.4,9791.0
54347,Herrán,29.62,28.38,6.91,57.04,80.13,13.47,33.06,9.32,52.4,10422.0
54377,Labateca,73.52,31.45,6.91,77.13,72.24,29.86,18.78,9.48,41.3,7200.0
54385,La Esperanza,52.63,44.35,6.91,68.58,82.99,15.86,33.2,14.53,57.1,12165.0
54398,La Playa,29.78,23.28,6.91,64.5,86.66,24.52,26.17,6.76,67.9,9159.0
54405,Los Patios,95.79,93.68,6.91,78.02,2.64,7.06,15.03,9.6,21.4,111569.0
54418,Lourdes,69.93,56.09,6.91,61.76,50.92,23.42,26.72,15.33,45.3,5104.0
54480,Mutiscua,46.96,28.39,6.91,56.99,79.55,43.54,15.8,6.97,42.2,4699.0
54498,Ocaña,92.33,87.34,6.91,69.02,9.85,33.39,23.49,11.22,31.4,158872.0
54518,Pamplona,91.97,91.82,6.91,72.12,6.74,1.82,30.4,6.52,20.5,48148.0
54520,Pamplonita,48.46,32.52,6.91,63.76,77.13,0.0,17.66,8.75,41.7,6782.0
54553,Puerto Santander,90.07,89.09,6.91,64.32,7.49,63.57,15.23,17.81,42.9,9489.0
54599,Ragonvalia,55.09,50.36,6.91,60.75,50.27,77.41,23.14,15.33,41.4,7384.0
54660,Salazar,76.14,49.48,6.91,58.02,60.1,9.2,23.07,13.24,48.8,12031.0
54670,San Calixto,45.32,22.74,6.91,67.23,79.33,16.12,42.51,17.8,73.5,14617.0
54673,San Cayetano,84.7,73.29,6.91,74.04,71.21,12.6,25.42,16.01,37.6,10025.0
54680,Santiago,68.81,57.28,6.91,63.46,46.26,0.0,26.17,14.22,48.1,5300.0
54720,Sardinata,58.79,55.36,6.91,70.66,59.85,32.95,52.99,15.9,53.8,31006.0
54743,Silos,47.72,42.87,6.91,66.26,83.59,30.55,16.31,5.83,46.6,8186.0
54800,Teorama,40.98,35.63,6.91,68.92,82.01,61.08,42.3,19.84,67.1,19668.0
54810,Tibú,51.38,45.97,6.91,75.87,61.93,71.85,56.85,27.36,57.6,85958.0
54820,Toledo,55.66,42.24,6.91,79.42,63.57,36.07,44.06,10.24,50.1,19087.0
54871,Villa Caro,54.82,46.57,6.91,61.83,53.6,0.0,37.48,22.58,64.8,5069.0
54874,Villa del Rosario,84.88,93.43,6.91,74.88,3.41,32.63,14.93,13.98,24.6,151949.0
63000,Quindío,97.16,91.05,6.36,71.33,12.08,33.98,9.98,6.29,18.2,485150.0
63001,Armenia,98.88,96.17,5.46,75.17,2.69,25.6,5.27,5.36,14.4,297298.0
63111,Buenavista,80.46,72.08,6.91,62.64,62.07,62.34,15.45,6.79,29.0,2642.0
63130,Calarcá,96.3,91.07,6.91,73.43,23.16,29.95,11.18,6.05,19.9,67645.0
63190,Circasia,98.48,78.91,6.91,74.37,25.77,33.55,7.11,6.26,17.3,26329.0
63212,Córdoba,89.13,61.23,6.91,65.84,41.18,0.0,13.86,7.29,30.7,5292.0
63272,Filandia,96.43,62.01,6.91,69.84,44.98,8.16,7.55,5.12,18.1,10888.0
63302,Génova,66.16,63.17,6.91,67.29,43.99,39.29,15.87,8.1,33.1,6801.0
63401,La Tebaida,97.07,92.54,6.91,74.06,9.58,33.62,11.67,9.98,27.4,30372.0
63470,Montenegro,98.24,91.5,6.91,74.69,18.18,38.99,12.27,10.83,25.8,34373.0
63548,Pijao,72.2,66.43,6.91,69.32,43.81,96.49,14.31,4.6,28.8,4720.0
63594,Quimbaya,99.22,89.0,6.91,74.69,19.1,53.24,9.83,7.11,22.0,28714.0
63690,Salento,83.0,61.95,6.91,73.56,59.15,10.37,5.9,5.95,19.7,9784.0
66000,Risaralda,93.94,87.98,3.31,74.71,15.71,23.75,19.21,5.08,20.12,956846.0
66001,Pereira,98.46,93.4,1.65,79.29,13.28,23.49,10.11,4.91,15.1,465968.0
66045,Apía,81.99,71.49,6.91,68.01,48.21,24.13,12.36,6.14,33.6,11148.0
66075,Balboa,65.37,57.18,6.91,72.94,69.01,47.64,11.89,5.27,31.6,5538.0
66088,Belén de Umbría,84.78,71.75,6.91,69.38,41.81,19.89,18.91,7.34,35.6,22381.0
66170,Dosquebradas,96.91,96.1,6.91,73.59,3.36,21.52,7.84,4.11,13.7,282285.0
66318,Guática,82.2,56.37,6.91,70.72,62.53,8.12,11.39,9.4,36.5,10743.0
66383,La Celia,67.32,53.07,6.91,58.15,53.95,132.38,15.15,7.57,37.5,6706.0
66400,La Virginia,99.36,99.44,6.91,72.11,1.8,35.13,10.4,6.41,19.0,26705.0
66440,Marsella,79.25,64.14,6.91,70.41,40.84,35.28,28.26,6.96,33.3,15370.0
66456,Mistrató,55.99,39.35,6.91,67.9,70.22,39.87,50.62,8.92,65.3,17538.0
66572,Pueblo Rico,35.92,31.72,6.91,67.98,76.39,5.98,65.99,7.89,70.5,17447.0
66594,Quinchía,84.27,42.68,6.91,70.0,66.05,25.23,19.04,9.04,41.4,23996.0
66682,Santa Rosa de Cabal,92.91,88.62,6.91,75.33,13.12,12.38,14.92,6.46,21.2,85864.0
66687,Santuario,78.98,65.69,6.91,68.64,41.98,23.72,13.85,6.36,39.9,11467.0
68000,Santander,84.86,75.79,4.23,73.66,19.96,14.7,20.07,6.25,22.38,2472425.0
68001,Bucaramanga,94.32,94.62,1.07,80.01,1.61,18.58,11.6,5.27,14.2,610880.0
68013,Aguada,94.9,19.16,6.91,63.16,73.08,52.58,17.08,11.34,41.8,1694.0
68020,Albania,72.39,14.36,6.91,72.44,76.07,22.63,15.71,14.57,48.1,3753.0
68051,Aratoca,49.78,35.36,6.91,65.82,61.6,11.57,22.39,13.94,40.6,8104.0
68077,Barbosa,94.18,83.81,6.91,67.94,17.81,6.01,10.42,7.31,21.6,36427.0
68079,Barichara,82.09,45.49,6.91,76.49,61.53,0.0,14.49,5.01,28.5,15314.0
68081,Barrancabermeja,93.02,79.58,6.91,79.68,9.46,41.92,16.86,10.88,26.4,248468.0
68092,Betulia,63.9,56.31,6.91,72.63,69.43,16.32,25.73,7.76,43.9,7310.0
68101,Bolívar,70.68,18.4,6.91,63.74,76.98,17.88,29.06,7.67,45.5,10221.0
68121,Cabrera,85.28,22.18,6.91,61.47,70.84,0.0,13.0,12.25,34.0,1996.0
68132,California,56.8,49.72,6.91,58.06,46.45,43.98,8.13,5.1,21.2,2831.0
68147,Capitanejo,76.35,59.47,6.91,58.6,28.46,0.0,29.62,8.22,35.7,7059.0
68152,Carcasí,45.13,20.61,6.91,59.96,78.47,0.0,28.92,17.74,60.8,5220.0
68160,Cepitá,81.72,27.42,6.91,54.9,64.33,0.0,15.45,3.76,32.0,2038.0
68162,Cerrito,56.91,49.06,6.91,61.85,40.76,14.16,18.24,12.96,41.9,7885.0
68167,Charalá,91.86,61.62,6.91,66.34,31.87,8.0,13.89,5.13,26.9,14744.0
68169,Charta,39.65,26.76,6.91,73.21,65.35,0.0,11.87,2.93,35.1,3573.0
68176,Chima,75.94,31.8,6.91,73.51,61.68,0.0,23.55,8.64,45.2,3552.0
68179,Chipatá,71.79,13.88,6.91,66.83,78.46,0.0,16.3,7.21,42.8,4642.0
68190,Cimitarra,75.23,71.3,6.91,81.35,43.3,28.53,25.54,9.17,36.0,31663.0
68207,Concepción,69.67,49.62,6.91,60.49,41.85,0.0,20.53,9.41,36.2,5680.0
68209,Confines,62.74,23.47,6.91,65.27,68.99,0.0,10.09,11.66,32.6,4012.0
68211,Contratación,83.45,76.27,6.91,63.23,17.87,0.0,20.51,4.71,29.2,4761.0
68217,Coromoro,64.11,22.31,6.91,62.86,77.19,39.08,24.45,3.87,53.6,6111.0
68229,Curití,86.71,43.75,6.91,70.91,54.66,7.44,18.16,7.56,35.7,15842.0
68235,El Carmen de Chucurí,35.01,17.45,6.91,64.64,76.82,17.99,48.78,7.1,58.9,27533.0
68245,El Guacamayo,58.39,43.96,6.91,60.94,55.2,47.08,11.98,4.32,33.0,2029.0
68250,El Peñón,53.62,22.9,6.91,61.22,77.39,17.96,35.46,14.01,57.8,4440.0
68255,El Playón,55.58,54.73,6.91,68.65,38.84,6.99,33.42,21.65,45.7,15487.0
68264,Encino,82.03,22.5,6.91,58.47,69.79,0.0,11.03,5.84,32.0,3135.0
68266,Enciso,80.39,28.24,6.91,61.62,65.45,0.0,24.35,6.49,35.3,4287.0
68271,Florián,63.11,29.01,6.91,81.13,66.65,17.56,38.71,8.64,56.0,5121.0
68276,Floridablanca,96.16,94.9,6.91,81.15,3.79,11.47,8.45,3.72,11.0,320381.0
68296,Galán,75.46,31.77,6.91,65.91,61.92,34.21,21.09,10.07,41.9,2757.0
68298,Gámbita,38.51,21.91,6.91,60.97,73.56,24.65,27.08,4.85,51.1,3646.0
68307,Girón,86.09,85.64,6.91,71.37,10.72,16.56,13.02,5.74,16.5,188717.0
68318,Guaca,64.81,41.19,6.91,59.79,64.33,33.22,22.53,5.72,60.3,7303.0
68320,Guadalupe,61.97,37.27,6.91,69.19,50.94,0.0,18.86,6.17,39.1,4276.0
68322,Guapotá,85.14,28.57,6.91,67.22,62.37,41.44,14.06,8.78,31.4,2636.0
68324,Guavatá,45.12,25.53,6.91,63.63,64.39,0.0,13.39,13.3,40.4,3794.0
68327,Güepsa,82.2,61.72,6.91,63.5,29.65,18.49,17.22,6.59,29.6,5869.0
68344,Hato,74.7,28.89,6.91,62.21,61.86,0.0,18.28,18.36,46.9,2889.0
68368,Jesús María,84.79,22.07,6.91,77.18,68.16,0.0,14.96,3.86,40.8,3087.0
68370,Jordán,46.58,9.32,6.91,57.18,85.57,0.0,25.4,16.67,53.7,1642.0
68377,La Belleza,65.77,27.35,6.91,75.75,60.3,16.01,12.67,7.49,36.1,5778.0
68385,Landázuri,47.74,43.22,6.91,65.24,57.1,92.7,20.91,10.28,49.1,9716.0
68397,La Paz,70.11,18.65,6.91,64.14,74.86,19.96,9.09,3.44,36.1,4495.0
68406,Lebrija,60.57,47.35,6.91,80.46,35.59,8.89,13.35,6.61,27.0,61948.0
68418,Los Santos,24.19,14.07,6.91,76.97,80.75,6.64,21.35,18.6,44.6,19247.0
68425,Macaravita,38.24,17.41,6.91,57.25,78.36,0.0,25.89,10.07,50.3,2648.0
68432,Málaga,88.31,86.72,6.91,71.06,9.91,9.06,19.33,5.5,19.3,27779.0
68444,Matanza,58.44,35.46,6.91,68.33,62.35,19.49,16.43,6.8,38.2,6148.0
68464,Mogotes,65.18,41.35,6.91,67.22,51.11,36.88,28.49,8.77,49.4,10097.0
68468,Molagavita,21.39,17.74,6.91,62.31,76.93,23.91,29.77,9.35,51.9,5033.0
68498,Ocamonte,74.07,18.48,6.91,67.04,77.77,17.02,12.93,7.52,38.6,7061.0
68500,Oiba,74.44,45.84,6.91,67.23,45.91,8.78,17.92,5.44,31.8,10857.0
68502,Onzaga,32.23,30.98,6.91,59.92,60.32,24.04,33.29,6.96,55.1,5191.0
68522,Palmar,100.0,44.17,6.91,62.9,55.95,0.0,18.37,6.16,32.5,1698.0
68524,Palmas del Socorro,78.78,31.64,6.91,59.93,59.63,0.0,13.06,9.66,27.3,2784.0
68533,Páramo,75.66,29.61,6.91,65.05,62.88,0.0,11.79,6.12,31.5,6388.0
68547,Piedecuesta,88.49,81.02,6.91,75.88,17.29,12.34,11.8,3.97,16.2,205590.0
68549,Pinchote,86.73,34.27,6.91,75.26,69.63,72.91,7.0,5.82,23.8,6975.0
68572,Puente Nacional,76.08,39.63,6.91,81.91,51.09,13.22,9.73,3.03,26.4,14638.0
68573,Puerto Parra,72.96,65.13,6.91,75.69,55.94,12.24,20.66,13.2,36.1,10541.0
68575,Puerto Wilches,67.64,62.85,6.91,73.1,41.65,83.22,37.39,26.9,40.3,36806.0
68615,Rionegro,56.75,39.54,6.91,71.62,67.07,7.25,19.82,5.08,37.8,22061.0
68655,Sabana de Torres,73.12,65.25,6.91,69.51,24.55,25.56,25.07,18.88,36.6,42890.0
68669,San Andrés,66.47,40.37,6.91,63.81,54.31,11.42,17.01,6.72,42.4,7163.0
68673,San Benito,36.38,12.68,6.91,58.56,81.68,0.0,12.46,6.2,49.8,2647.0
68679,San Gil,95.18,88.58,6.91,77.13,9.77,6.58,11.71,3.84,13.7,95906.0
68682,San Joaquín,52.09,36.35,6.91,57.04,53.59,0.0,17.98,4.21,41.4,2803.0
68684,San José de Miranda,48.3,28.85,6.91,61.11,70.76,0.0,30.11,10.93,47.6,3635.0
68686,San Miguel,83.61,25.54,6.91,59.0,64.85,0.0,18.07,17.81,33.6,2307.0
68689,San Vicente de Chucurí,74.63,42.55,6.91,74.81,53.47,2.92,31.87,6.15,34.9,33844.0
68705,Santa Bárbara,31.28,25.56,6.91,60.36,81.9,40.1,16.86,11.76,53.8,2564.0
68720,Santa Helena del Opón,63.72,45.76,6.91,65.07,66.2,28.78,25.51,13.09,47.9,3115.0
68745,Simacota,56.42,28.96,6.91,71.05,68.88,19.56,30.02,7.28,44.5,12714.0
68755,Socorro,93.98,82.84,6.91,77.19,13.11,5.84,7.51,3.23,15.1,41553.0
68770,Suaita,62.57,36.58,6.91,64.52,68.33,9.74,14.63,11.29,37.8,9221.0
68773,Sucre,59.14,25.55,6.91,62.32,84.36,14.0,16.09,6.9,47.1,6425.0
68780,Suratá,39.4,30.81,6.91,61.8,68.16,0.0,18.64,15.74,44.2,4696.0
68820,Tona,40.66,25.75,6.91,58.04,85.74,0.0,14.04,7.62,45.8,8820.0
68855,Valle de San José,61.71,41.93,6.91,67.03,50.89,0.0,10.84,5.95,36.6,8086.0
68861,Vélez,73.04,60.62,6.91,68.91,36.67,7.84,18.87,7.75,32.3,28327.0
68867,Vetas,63.64,37.29,6.91,57.96,58.39,0.0,7.4,10.59,31.9,1781.0
68872,Villanueva,94.22,66.94,6.91,64.64,31.97,0.0,10.96,8.64,27.5,10342.0
68895,Zapatoca,81.11,71.17,6.91,69.19,26.73,0.0,9.5,5.26,26.9,10053.0
70000,Sucre,85.19,56.38,12.19,73.34,36.63,24.21,37.99,24.11,46.03,1225112.0
70001,Sincelejo,90.86,87.34,5.17,73.76,11.72,28.56,27.91,17.87,30.4,393773.0
70110,Buenavista,87.21,75.19,6.91,66.49,20.6,9.0,34.04,36.95,49.1,14444.0
70124,Caimito,90.34,28.02,6.91,62.09,75.93,12.31,28.92,38.92,58.7,20932.0
70204,Colosó,78.75,42.41,6.91,62.37,56.29,44.73,59.54,62.92,59.6,12344.0
70215,Corozal,95.06,78.62,6.91,70.04,24.04,11.02,24.66,16.2,34.5,92826.0
70221,Coveñas,60.25,28.75,6.91,83.78,39.75,20.01,31.57,24.55,45.0,25489.0
70230,Chalán,89.3,57.64,6.91,49.65,36.01,42.85,55.22,62.85,73.9,5101.0
70233,El Roble,91.21,58.37,6.91,63.54,56.46,37.4,28.52,42.73,64.3,10670.0
70235,Galeras,81.26,55.52,6.91,65.28,45.73,4.2,25.91,26.89,46.1,29997.0
70265,Guaranda,49.22,6.93,6.91,65.43,59.81,26.24,62.48,51.79,66.1,21939.0
70400,La Unión,90.58,41.35,6.91,64.48,51.89,30.36,27.49,39.45,55.8,16816.0
70418,Los Palmitos,94.66,44.17,6.91,60.68,51.69,8.18,23.13,21.02,41.6,29299.0
70429,Majagual,82.33,6.35,6.91,62.18,71.95,12.74,57.78,36.2,64.4,44464.0
70473,Morroa,81.34,65.06,6.91,66.49,39.54,24.62,36.8,22.94,42.8,20328.0
70508,Ovejas,75.81,51.16,6.91,65.53,49.97,33.33,33.47,24.94,51.5,24926.0
70523,Palmito,44.57,36.67,6.91,57.9,66.02,6.48,46.09,41.6,65.1,20162.0
70670,Sampués,77.16,53.82,6.91,68.84,49.27,25.99,44.98,37.88,56.9,63088.0
70678,San Benito Abad,86.08,2.89,6.91,45.56,80.21,16.4,39.04,25.93,63.0,36230.0
70702,San Juan de Betulia,85.2,62.46,6.91,65.39,50.04,6.88,28.86,22.08,44.8,15748.0
70708,San Marcos,90.53,4.53,6.91,71.33,44.64,32.24,26.74,31.97,59.1,72938.0
70713,San Onofre,75.64,21.07,6.91,70.39,61.29,38.21,45.14,36.79,69.0,54279.0
70717,San Pedro,85.73,73.52,6.91,68.57,34.76,20.33,35.17,27.35,47.1,23758.0
70742,San Luis de Sincé,86.08,74.26,6.91,73.37,27.05,21.42,39.38,27.49,51.1,31934.0
70771,Sucre,86.75,1.05,6.91,51.75,77.89,9.51,51.58,38.06,63.4,39034.0
70820,Santiago de Tolú,79.79,54.1,6.91,78.26,19.15,14.31,27.57,22.67,42.7,44558.0
70823,Tolú Viejo,72.79,57.48,6.91,69.36,69.92,21.9,32.72,26.38,45.8,25249.0
73000,Tolima,84.88,74.01,9.02,71.08,29.17,28.5,22.83,7.61,27.6,1320600.0
73001,Ibagué,96.36,94.09,2.25,74.78,6.81,14.52,18.07,4.48,14.8,571509.0
73024,Alpujarra,88.66,61.61,6.91,63.43,49.62,22.32,12.33,11.56,30.9,5185.0
73026,Alvarado,83.91,52.24,6.91,73.06,59.77,11.42,17.61,9.6,38.8,8027.0
73030,Ambalema,94.26,85.99,6.91,63.55,19.41,151.65,16.6,16.06,32.9,6488.0
73043,Anzoátegui,65.01,26.54,6.91,62.6,83.54,39.77,23.34,8.69,55.8,10082.0
73055,Armero,92.69,77.09,6.91,76.02,35.48,41.33,19.37,13.06,27.3,11718.0
73067,Ataco,38.79,33.03,6.91,67.27,69.94,20.82,37.81,25.35,64.0,21620.0
73124,Cajamarca,69.06,60.73,6.91,66.13,42.85,10.79,16.56,6.48,36.2,16730.0
73148,Carmen de Apicalá,95.36,76.13,6.91,71.76,23.28,28.56,18.3,5.38,20.7,11400.0
73152,Casabianca,68.98,34.91,6.91,59.56,71.38,47.4,18.09,6.38,43.8,6272.0
73168,Chaparral,73.12,60.59,6.91,72.34,40.86,45.09,31.3,14.94,39.7,52325.0
73200,Coello,83.29,39.52,6.91,68.52,79.67,23.91,17.29,7.94,35.8,8135.0
73217,Coyaima,35.53,19.09,6.91,66.2,80.53,17.7,40.06,24.97,62.1,22532.0
73226,Cunday,70.26,46.52,6.91,59.41,69.51,11.88,20.52,13.82,40.8,8613.0
73236,Dolores,78.76,43.52,6.91,62.36,56.58,36.47,22.5,11.7,32.8,8208.0
73268,Espinal,89.37,80.39,6.91,77.02,26.28,64.44,10.98,7.84,19.2,68891.0
73270,Falan,79.12,29.99,6.91,58.21,73.92,13.47,21.7,8.83,39.3,7580.0
73275,Flandes,93.55,87.6,6.91,73.42,12.48,48.67,12.19,6.28,17.4,28306.0
73283,Fresno,69.78,57.28,6.91,69.78,47.01,35.09,13.78,9.98,33.6,29832.0
73319,Guamo,68.08,50.37,6.91,73.39,47.03,39.47,15.39,12.62,32.2,32299.0
73347,Herveo,55.31,50.74,6.91,71.88,64.33,41.38,20.04,5.14,54.0,6495.0
73349,Honda,95.99,91.57,6.91,72.2,5.28,44.6,12.59,10.25,25.8,24036.0
73352,Icononzo,69.4,34.5,6.91,59.61,67.25,16.77,16.08,7.37,33.7,12075.0
73408,Lérida,92.71,88.2,6.91,72.57,23.77,53.44,16.91,12.68,28.1,16505.0
73411,Líbano,80.84,68.46,6.91,70.53,33.85,19.22,18.7,7.71,33.4,35995.0
73443,San Sebastián de Mariquita,86.23,77.21,6.91,75.32,24.85,33.74,24.3,8.82,27.1,41001.0
73449,Melgar,93.34,80.48,6.91,77.38,17.29,34.32,15.15,8.26,19.7,43259.0
73461,Murillo,59.14,54.66,6.91,65.38,51.7,72.05,19.69,8.46,50.4,3675.0
73483,Natagaima,93.04,50.5,6.91,69.53,40.74,20.34,19.59,21.33,42.1,17111.0
73504,Ortega,67.81,28.06,6.91,67.2,77.34,5.8,30.07,17.09,51.3,35289.0
73520,Palocabildo,73.7,36.27,6.91,61.69,66.55,50.68,20.12,10.75,45.5,9746.0
73547,Piedras,92.02,59.42,6.91,71.41,63.53,0.0,13.7,8.53,27.2,7776.0
73555,Planadas,52.91,42.21,6.91,71.09,68.77,65.56,34.41,21.32,55.4,28835.0
73563,Prado,85.43,46.36,6.91,64.57,52.92,23.65,21.1,13.52,36.6,7842.0
73585,Purificación,89.33,62.89,6.91,72.18,41.06,25.42,19.2,11.5,32.6,23058.0
73616,Rioblanco,52.56,36.13,6.91,62.63,79.34,52.79,38.49,14.49,60.5,25214.0
73622,Roncesvalles,46.18,43.52,6.91,62.55,63.37,18.16,18.77,11.65,42.0,5372.0
73624,Rovira,65.9,54.67,6.91,64.38,50.27,74.07,24.55,16.55,47.0,21165.0
73671,Saldaña,66.31,61.47,6.91,71.09,38.91,13.75,26.35,15.08,36.3,14160.0
73675,San Antonio,69.34,46.31,6.91,64.61,63.78,23.75,28.24,22.06,53.7,12677.0
73678,San Luis,76.03,50.49,6.91,63.18,69.7,7.4,17.58,12.27,39.4,13353.0
73686,Santa Isabel,56.45,47.28,6.91,64.95,60.02,17.54,13.17,10.07,50.9,5666.0
73770,Suárez,94.2,39.02,6.91,65.99,56.4,26.38,21.69,15.13,34.3,3743.0
73854,Valle de San Juan,72.27,42.72,6.91,59.82,57.75,37.13,18.53,13.97,40.4,5254.0
73861,Venadillo,89.07,71.69,6.91,69.6,29.64,39.1,20.14,16.52,36.3,12544.0
73870,Villahermosa,49.11,36.42,6.91,64.46,61.28,54.15,15.79,10.05,51.3,9124.0
73873,Villarrica,71.69,39.87,6.91,59.51,59.2,20.1,21.67,11.14,38.4,5044.0
76000,Valle del Cauca,95.35,90.91,5.71,82.82,16.03,57.61,11.83,5.23,16.35,4371231.0
76001,Cali,98.98,97.8,2.98,80.36,2.23,44.28,7.77,3.99,11.9,2076657.0
76020,Alcalá,92.68,74.98,6.91,69.02,20.15,103.61,11.86,11.52,31.9,13105.0
76036,Andalucía,96.16,78.52,6.91,72.52,17.88,43.71,6.75,5.56,15.3,27350.0
76041,Ansermanuevo,78.05,74.8,6.91,70.81,31.92,211.03,14.8,11.1,31.3,16044.0
76054,Argelia,76.1,58.66,6.91,63.73,38.04,19.21,18.62,12.59,36.2,4926.0
76100,Bolívar,84.77,66.73,6.91,68.91,65.55,31.42,18.66,6.46,29.7,14101.0
76109,Buenaventura,73.17,60.96,6.91,60.78,19.09,35.79,31.21,13.59,41.0,365429.0
76111,Guadalajara de Buga,98.19,94.37,6.91,72.46,12.56,68.17,8.16,3.4,12.3,123529.0
76113,Bugalagrande,88.08,78.44,6.91,76.31,42.51,52.48,16.1,5.08,25.8,24773.0
76122,Caicedonia,90.8,85.51,6.91,69.22,14.09,55.4,13.69,7.21,24.6,29467.0
76126,Calima,85.35,69.93,6.91,70.3,30.98,32.44,12.44,6.77,25.7,19663.0
76130,Candelaria,91.7,89.19,6.91,78.05,76.87,69.17,6.04,7.14,15.5,156459.0
76147,Cartago,98.18,97.49,6.91,73.77,2.54,79.12,6.37,5.31,16.6,145554.0
76233,Dagua,81.88,44.73,6.91,74.64,79.36,52.39,11.76,8.46,28.4,72454.0
76243,El Águila,72.11,58.88,6.91,63.94,64.23,299.88,16.81,7.49,43.5,7854.0
76246,El Cairo,75.49,61.57,6.91,61.89,43.77,91.07,16.24,6.61,35.8,6205.0
76248,El Cerrito,96.92,91.07,6.91,73.48,31.5,51.86,8.22,5.84,15.2,49317.0
76250,El Dovio,81.14,70.16,6.91,72.27,32.13,34.39,31.18,7.1,37.2,9055.0
76275,Florida,94.38,88.47,6.91,70.76,25.61,71.56,12.48,6.84,18.9,49278.0
76306,Ginebra,89.04,77.91,6.91,71.74,48.23,8.57,8.16,2.91,14.7,25254.0
76318,Guacarí,96.96,88.23,6.91,70.3,32.83,55.88,7.77,6.55,16.0,33802.0
76364,Jamundí,95.05,87.37,6.91,72.56,25.68,63.8,15.09,4.35,14.9,223188.0
76377,La Cumbre,86.85,37.12,6.91,71.04,76.17,11.96,9.73,7.68,25.3,20279.0
76400,La Unión,95.39,91.63,6.91,72.07,16.34,100.19,11.42,8.22,22.5,31566.0
76403,La Victoria,91.11,89.36,6.91,69.43,19.95,41.61,13.41,6.11,22.9,12429.0
76497,Obando,94.13,94.3,6.91,72.35,18.59,164.03,15.74,11.15,31.2,11503.0
76520,Palmira,97.89,94.45,6.91,74.03,24.36,31.77,7.03,3.83,11.5,383743.0
76563,Pradera,93.08,87.41,6.91,72.26,10.17,38.96,10.73,9.98,24.8,48745.0
76606,Restrepo,92.62,71.55,6.91,68.18,28.29,109.71,12.2,7.16,20.7,15600.0
76616,Riofrío,84.87,69.7,6.91,76.74,46.44,76.64,10.48,7.28,23.2,15813.0
76622,Roldanillo,95.26,84.72,6.91,72.97,19.65,21.48,9.01,4.66,16.5,37598.0
76670,San Pedro,91.98,84.47,6.91,68.94,45.65,34.44,8.92,5.5,18.0,15798.0
76736,Sevilla,88.47,81.1,6.91,70.21,19.91,57.6,13.0,9.19,27.4,43027.0
76823,Toro,86.98,71.84,6.91,69.14,23.98,192.18,12.74,9.75,32.1,13549.0
76828,Trujillo,82.29,67.82,6.91,68.68,46.56,78.04,18.87,10.32,34.9,19510.0
76834,Tuluá,97.58,95.73,6.91,78.63,15.46,46.03,9.96,4.56,13.7,221662.0
76845,Ulloa,92.21,65.91,6.91,63.37,45.47,73.41,11.7,3.23,24.2,4915.0
76863,Versalles,84.18,70.06,6.91,67.43,33.38,28.42,14.58,6.6,30.6,6665.0
76869,Vijes,92.26,73.51,6.91,66.53,30.45,30.66,12.03,4.9,19.0,14570.0
76890,Yotoco,89.05,67.65,6.91,71.7,41.96,48.78,8.62,8.35,20.8,16438.0
76892,Yumbo,95.23,88.17,6.91,82.32,15.9,53.82,9.68,7.39,15.6,116450.0
76895,Zarzal,97.31,94.8,6.91,75.73,19.86,53.56,8.71,5.28,17.2,42826.0
81000,Arauca,72.86,57.57,6.91,63.32,37.95,61.74,45.32,25.78,42.31,262795.0
81001,Arauca,76.54,73.81,6.91,72.72,15.88,46.83,55.02,27.82,38.6,88947.0
81065,Arauquita,50.44,33.87,6.91,70.36,75.16,89.24,45.91,30.42,49.2,53783.0
81220,Cravo Norte,67.64,64.46,6.91,72.89,31.94,23.29,31.79,28.82,48.8,4102.0
81300,Fortul,73.72,39.41,6.91,67.71,47.61,234.64,38.98,30.29,48.3,19978.0
81591,Puerto Rondón,65.91,58.36,6.91,62.36,35.63,941.55,40.65,15.23,45.0,4617.0
81736,Saravena,87.98,57.48,6.91,74.84,27.21,183.73,41.52,23.37,39.4,58069.0
81794,Tame,70.15,61.41,6.91,70.2,45.06,167.47,45.74,21.19,41.9,45812.0
85000,Casanare,79.87,73.1,6.91,66.6,24.68,20.49,27.11,11.78,29.91,531026.0
85001,Yopal,89.13,84.01,6.91,72.95,12.04,12.74,19.18,10.22,22.9,231432.0
85010,Aguazul,80.32,77.38,6.91,78.54,23.76,15.54,22.74,10.69,27.0,38528.0
85015,Chámeza,65.17,63.93,6.91,59.48,36.28,0.0,39.52,3.79,36.0,2707.0
85125,Hato Corozal,53.61,40.41,6.91,70.79,50.54,16.26,41.24,22.91,56.1,13016.0
85136,La Salina,56.68,51.23,6.91,59.9,46.77,0.0,36.92,8.53,48.1,1503.0
85139,Maní,55.73,72.79,6.91,76.97,29.54,73.29,24.95,12.55,30.3,22980.0
85162,Monterrey,89.5,76.17,6.91,88.91,25.71,10.93,10.0,7.24,27.5,18961.0
85225,Nunchía,46.03,27.31,6.91,64.16,72.38,33.9,38.61,15.77,56.4,9406.0
85230,Orocué,75.37,72.34,6.91,68.21,50.92,23.34,52.31,16.78,45.8,17840.0
85250,Paz de Ariporo,77.06,65.8,6.91,71.68,28.81,18.45,30.0,18.92,37.8,37269.0
85263,Pore,74.41,62.72,6.91,77.79,37.14,8.16,33.22,22.01,45.2,15297.0
85279,Recetor,21.41,25.06,6.91,56.45,77.54,55.16,30.57,20.38,39.3,1741.0
85300,Sabanalarga,72.28,67.11,6.91,83.07,46.34,27.59,14.26,8.8,34.2,3820.0
85315,Sácama,73.82,59.32,6.91,63.98,43.26,144.37,54.28,7.47,32.5,1833.0
85325,San Luis de Palenque,53.32,39.02,6.91,75.71,59.31,11.87,24.02,8.27,37.0,8975.0
85400,Támara,26.06,23.59,6.91,62.54,71.92,15.09,43.0,20.03,55.0,7315.0
85410,Tauramena,84.6,71.24,6.91,79.92,33.27,15.64,22.56,10.3,27.2,28096.0
85430,Trinidad,63.93,61.21,6.91,70.18,42.1,14.64,26.46,16.42,38.7,13932.0
85440,Villanueva,82.6,69.89,6.91,74.89,22.29,35.37,20.64,9.9,24.6,51442.0
86000,Putumayo,51.71,54.53,6.91,65.96,48.69,52.73,27.1,11.75,39.11,447432.0
86001,Mocoa,91.25,72.27,6.91,65.76,26.94,18.16,16.2,8.09,24.8,78715.0
86219,Colón,95.79,90.61,6.91,61.77,33.54,0.0,10.88,7.86,22.6,6893.0
86320,Orito,49.37,44.66,6.91,72.0,44.78,70.33,30.96,14.8,39.8,38222.0
86568,Puerto Asís,17.43,51.66,6.91,66.54,41.38,52.12,28.52,13.5,44.1,84172.0
86569,Puerto Caicedo,46.29,49.24,6.91,65.56,60.44,139.83,26.72,6.46,38.9,18419.0
86571,Puerto Guzmán,38.99,26.4,6.91,56.91,83.7,169.84,42.22,18.05,62.2,52751.0
86573,Puerto Leguízamo,58.35,47.0,6.91,64.68,56.82,112.17,47.9,21.5,53.6,47762.0
86749,Sibundoy,97.43,77.63,6.91,59.46,30.56,6.37,9.0,7.15,23.0,18277.0
86755,San Francisco,92.93,67.55,6.91,63.35,35.04,17.72,6.63,6.83,23.5,5374.0
86757,San Miguel,4.73,33.94,6.91,71.61,74.01,50.07,27.7,10.36,48.5,20202.0
86760,Santiago,94.9,60.06,6.91,63.66,47.61,13.68,27.39,17.78,37.2,6913.0
86865,Valle del Guamuez,19.72,47.76,6.91,72.72,55.81,67.38,19.66,11.73,41.0,34648.0
86885,Villagarzón,76.26,63.01,6.91,69.82,35.37,36.35,20.27,9.65,37.1,29631.0
88000,San Andrés y Providencia,36.67,16.59,6.91,56.95,20.26,55.67,5.88,19.29,16.49,63319.0
88564,Providencia,88.71,5.73,6.91,68.37,33.06,15.6,5.62,11.96,13.7,6546.0
91000,Amazonas,38.66,33.98,6.91,61.06,50.63,29.83,45.6,25.62,59.14,90872.0
91001,Leticia,48.18,43.86,6.91,70.19,27.91,63.46,32.9,25.01,48.4,56388.0
91540,Puerto Nariño,28.22,17.5,6.91,68.36,59.95,0.0,44.68,33.59,70.4,13127.0
94000,Guainía,21.86,27.99,6.91,67.8,56.02,11.66,79.24,39.77,73.69,77250.0
94001,Inírida,26.63,34.27,6.91,69.98,34.77,2.86,76.42,39.77,67.2,49137.0
94343,Barrancominas,11.02,16.43,6.91,66.91,89.95,0.0,20.33,11.39,40.8,15897.0
95000,Guaviare,45.29,46.31,6.91,69.04,49.93,36.16,47.87,15.47,46.83,81222.0
95001,San José del Guaviare,52.34,57.59,6.91,70.68,35.62,46.39,51.44,13.71,42.1,52506.0
95015,Calamar,23.54,24.39,6.91,62.68,59.41,57.15,49.57,30.59,58.0,9934.0
95025,El Retorno,39.83,34.75,6.91,62.77,77.04,41.94,40.54,11.2,51.5,13464.0
95200,Miraflores,28.32,2.88,6.91,61.09,77.4,54.45,48.8,23.56,66.7,7344.0
97000,Vaupés,35.04,31.1,6.91,64.39,80.4,2.14,86.17,30.64,78.82,49250.0
97001,Mitú,39.05,34.93,6.91,68.22,78.59,5.58,86.26,31.12,74.8,34884.0
97161,Carurú,41.21,40.2,6.91,56.81,60.86,85.76,62.59,17.18,81.1,3063.0
97666,Taraira,31.65,28.1,6.91,32.23,68.04,37.78,95.32,44.73,85.6,3508.0
99000,Vichada,36.76,6.44,6.91,63.64,85.12,9.6,85.18,32.46,76.65,243055.0
99001,Puerto Carreño,59.44,10.04,6.91,70.86,25.52,52.89,67.37,31.79,55.7,29084.0
99524,La Primavera,64.57,5.01,6.91,63.38,41.42,30.47,58.75,37.67,63.2,10527.0
99624,Santa Rosalía,67.32,1.66,6.91,62.55,41.07,0.0,55.98,25.27,56.8,3716.0
99773,Cumaribo,10.97,5.09,6.91,62.68,97.53,6.19,91.41,31.96,91.4,180609.0
